date,cnt
5/28/2022,624
1/12/2012,121
11/22/2009,69
3/27/2021,339
5/22/2021,313
6/3/2017,107
10/27/2021,449
7/30/2011,122
6/14/2019,183
4/25/2018,111
7/31/2022,680
8/26/2022,839
7/28/2019,185
1/31/2021,349
11/3/2022,6065
3/11/2021,399
4/25/2012,123
7/14/2019,181
5/18/2021,379
10/30/2014,84
11/30/2021,515
12/20/2021,481
4/16/2022,545
7/5/2022,768
3/22/2019,181
1/2/2014,100
7/2/2019,199
8/5/2022,1092
11/24/2021,394
5/16/2015,114
1/7/2020,261
8/15/2016,124
10/28/2022,4099
11/1/2020,297
2/17/2021,368
6/16/2019,187
10/7/2014,85
2/24/2017,123
5/27/2018,167
10/15/2022,1243
8/27/2011,142
8/24/2021,417
3/13/2017,106
3/7/2017,97
5/18/2019,175
12/10/2016,112
2/6/2021,325
11/1/2022,12515
4/13/2011,133
9/19/2018,135
6/11/2011,140
1/30/2021,350
1/31/2012,135
9/25/2022,1860
8/23/2020,301
3/29/2017,125
6/26/2009,192
10/14/2008,15
4/14/2021,362
8/18/2011,154
3/21/2010,93
8/30/2012,119
1/13/2022,691
11/12/2013,116
11/10/2016,114
7/4/2009,98
8/6/2010,93
10/13/2022,5143
11/6/2020,277
8/13/2016,102
9/16/2022,903
11/28/2021,473
12/28/2012,126
11/28/2020,281
7/21/2010,108
1/26/2017,172
3/22/2017,107
9/5/2022,884
4/30/2022,708
7/24/2012,137
8/5/2021,392
4/19/2011,99
6/15/2021,315
1/18/2021,317
5/16/2012,156
1/7/2009,39
2/21/2021,343
2/18/2021,368
11/23/2021,478
3/7/2010,83
10/2/2019,174
11/18/2021,434
3/4/2022,578
10/20/2022,1459
10/25/2022,1650
10/7/2022,1160
3/18/2013,141
6/9/2020,291
8/12/2020,322
10/4/2013,126
9/6/2021,394
2/13/2015,106
7/2/2014,116
10/7/2017,149
3/20/2010,72
3/20/2020,326
5/20/2015,119
8/28/2015,84
10/9/2020,276
4/6/2021,352
5/22/2010,122
5/1/2016,126
8/30/2015,120
1/17/2022,514
7/23/2020,307
7/25/2010,100
10/29/2022,6896
11/20/2012,100
9/30/2013,99
5/8/2021,396
9/25/2013,124
9/9/2018,145
3/11/2022,539
7/18/2022,710
11/4/2022,7342
11/19/2009,76
6/2/2016,107
3/18/2021,334
4/21/2021,389
2/18/2022,536
3/29/2018,119
4/24/2022,548
10/16/2019,191
10/21/2019,201
7/30/2018,132
3/17/2022,553
1/12/2019,174
2/2/2022,540
8/3/2022,721
11/4/2020,320
10/15/2012,85
9/21/2008,9
4/13/2016,101
1/18/2022,502
6/30/2009,158
1/25/2022,557
4/9/2022,643
12/20/2012,114
3/20/2021,362
10/23/2022,1450
12/25/2021,473
4/8/2019,159
5/29/2022,643
4/9/2014,104
5/2/2021,362
7/13/2022,698
8/11/2012,92
2/8/2018,111
12/2/2021,425
9/22/2022,1549
9/21/2022,1779
4/22/2013,117
12/22/2020,308
10/20/2021,470
12/19/2008,29
8/13/2011,113
10/15/2018,157
1/4/2014,113
1/29/2010,96
11/23/2011,106
4/19/2022,644
9/27/2018,120
4/14/2017,122
7/4/2017,151
12/10/2014,83
12/24/2019,207
8/16/2011,121
5/8/2011,105
3/19/2012,135
9/21/2018,129
1/31/2014,96
8/7/2022,720
2/9/2013,121
10/19/2019,216
9/30/2011,109
11/2/2022,10784
8/22/2013,125
11/7/2010,82
7/23/2022,683
1/19/2018,133
9/17/2014,100
3/5/2019,145
2/26/2018,139
9/19/2021,421
5/17/2020,289
10/7/2018,159
4/27/2011,148
11/9/2010,91
7/14/2016,122
8/6/2022,653
5/11/2021,434
1/31/2016,119
9/16/2009,94
3/18/2015,102
9/14/2016,117
7/15/2019,199
2/25/2009,97
11/2/2021,475
5/17/2021,392
6/6/2015,115
5/6/2017,121
11/2/2013,97
9/28/2022,1668
9/10/2012,120
12/2/2020,294
7/11/2010,75
3/16/2022,555
10/11/2021,406
4/15/2017,129
12/20/2018,135
10/4/2022,1284
9/30/2010,89
7/14/2022,659
10/19/2022,1297
6/18/2022,647
5/5/2019,159
3/17/2012,107
1/16/2022,501
4/4/2021,336
10/26/2017,158
9/19/2022,1089
6/4/2010,107
12/24/2018,142
8/17/2021,664
3/2/2013,94
3/1/2012,132
5/11/2019,150
9/13/2019,191
12/7/2019,169
10/22/2022,1710
5/15/2022,573
12/11/2020,297
9/22/2019,184
8/16/2018,147
10/14/2022,1170
2/27/2022,672
3/20/2009,119
5/7/2013,98
9/9/2022,880
11/7/2021,511
1/30/2016,105
8/18/2015,125
10/18/2022,1302
5/22/2022,536
6/5/2010,106
8/27/2022,835
10/25/2018,185
6/7/2020,339
3/28/2021,363
7/28/2015,105
7/25/2022,694
10/5/2022,1390
10/6/2022,1176
10/19/2021,504
10/21/2017,116
9/15/2022,989
7/23/2016,121
10/16/2018,137
5/14/2019,165
10/11/2017,170
4/24/2018,104
9/1/2022,1248
6/5/2022,494
7/28/2021,333
3/15/2011,142
5/9/2020,318
7/29/2022,743
4/27/2021,360
11/6/2021,418
10/10/2014,93
11/19/2019,222
10/8/2020,304
5/27/2022,646
8/1/2022,660
5/20/2022,553
8/6/2020,286
7/16/2022,830
11/13/2010,111
10/31/2022,6837
6/17/2022,632
6/7/2018,139
3/25/2021,357
4/14/2022,666
5/21/2017,133
12/28/2015,123
10/23/2019,196
4/18/2018,138
10/8/2011,110
2/19/2022,606
8/30/2022,815
4/19/2010,99
8/2/2022,704
11/17/2012,101
6/1/2020,551
6/3/2020,409
11/18/2019,229
5/2/2014,103
4/23/2011,95
12/13/2009,67
12/8/2017,113
6/22/2021,364
1/28/2020,230
10/16/2022,1326
2/21/2022,574
7/9/2021,375
6/13/2010,81
7/17/2021,336
8/24/2020,297
1/6/2022,534
8/12/2011,125
1/4/2019,213
6/27/2022,691
5/29/2013,88
9/13/2020,330
3/15/2017,147
7/2/2021,306
3/28/2020,367
7/28/2022,644
6/24/2022,611
9/10/2013,134
7/11/2022,725
8/12/2013,129
8/28/2022,729
2/7/2022,596
4/1/2017,138
12/21/2020,301
4/18/2022,655
3/24/2011,125
5/6/2022,607
9/15/2021,414
4/13/2022,679
10/9/2021,375
8/9/2010,93
12/3/2021,421
8/15/2010,83
3/7/2016,129
1/5/2022,532
7/2/2020,272
10/1/2017,147
5/24/2018,129
1/11/2019,191
8/26/2017,174
10/16/2020,363
1/18/2020,226
1/25/2021,323
3/25/2015,94
8/4/2013,118
10/11/2019,208
8/29/2015,103
9/24/2016,111
10/26/2019,202
12/29/2018,154
4/4/2013,131
7/30/2013,102
5/24/2022,606
8/20/2010,94
6/24/2011,119
10/30/2022,2177
11/17/2014,115
12/1/2020,319
7/1/2012,137
4/22/2021,343
10/2/2022,1170
6/11/2022,690
2/9/2021,383
10/7/2013,107
10/13/2021,452
10/9/2022,1861
4/22/2020,317
5/21/2010,137
7/17/2022,673
12/2/2015,139
6/25/2010,91
7/19/2014,112
6/17/2017,135
8/25/2021,476
10/12/2022,2173
12/26/2018,189
6/18/2012,121
8/10/2022,818
3/25/2020,380
2/12/2020,240
1/29/2021,388
11/4/2011,127
6/4/2013,129
5/29/2021,304
5/8/2013,127
11/22/2021,452
7/6/2022,737
5/19/2011,126
10/1/2015,108
5/10/2021,490
7/22/2019,193
3/21/2011,151
1/25/2016,126
8/30/2021,438
10/13/2019,257
2/19/2020,220
4/4/2020,310
12/10/2011,115
9/29/2014,109
6/9/2009,118
5/9/2014,110
3/10/2010,95
9/7/2011,117
2/6/2015,112
7/20/2022,711
12/29/2013,98
7/29/2021,385
12/14/2018,199
6/26/2012,106
6/14/2015,127
6/25/2015,105
8/18/2022,807
9/1/2021,467
10/11/2022,1315
11/7/2013,111
3/10/2013,89
7/23/2014,119
5/8/2022,583
3/22/2011,135
2/23/2018,122
2/26/2022,666
10/21/2022,1287
1/24/2019,173
6/4/2022,577
9/12/2022,966
9/3/2011,115
1/28/2013,112
8/27/2021,457
8/19/2012,108
9/6/2019,161
8/11/2015,100
5/26/2019,181
11/25/2018,165
9/5/2013,114
9/23/2022,1538
8/11/2019,157
11/10/2020,339
1/14/2019,155
5/13/2022,610
9/26/2019,222
11/8/2021,469
9/21/2011,123
7/11/2017,129
12/16/2011,102
9/4/2018,142
1/5/2016,104
4/29/2022,785
9/27/2022,1637
7/1/2021,338
12/10/2012,104
7/20/2012,128
10/15/2021,387
6/12/2017,136
1/28/2021,358
4/11/2010,92
3/26/2013,104
5/28/2018,147
4/7/2016,128
7/21/2017,160
8/19/2021,454
12/1/2017,156
1/8/2015,135
4/19/2020,343
11/15/2016,115
9/9/2014,102
8/28/2011,136
8/26/2021,435
7/15/2013,128
7/10/2022,669
1/5/2020,300
11/2/2012,115
12/16/2017,121
7/4/2012,108
7/3/2018,151
2/22/2016,117
9/3/2009,108
11/19/2021,424
8/2/2020,242
3/2/2022,648
5/16/2019,153
5/24/2016,87
9/9/2020,332
9/14/2009,98
11/28/2007,3
1/12/2022,518
1/3/2011,91
8/12/2017,115
6/16/2021,306
3/7/2022,597
5/14/2022,548
2/6/2020,182
6/5/2019,185
2/11/2022,578
11/12/2019,212
4/27/2022,1315
11/8/2013,98
8/11/2022,867
8/29/2022,894
11/13/2020,280
2/17/2022,615
2/4/2022,587
5/4/2021,346
6/21/2012,103
9/8/2022,1210
9/11/2022,1000
6/15/2022,623
11/28/2018,138
2/12/2019,197
12/17/2018,168
2/13/2019,156
2/17/2020,215
2/1/2013,117
4/17/2022,609
11/27/2019,184
4/8/2022,572
2/3/2014,121
6/4/2014,86
5/16/2018,137
5/22/2009,101
5/23/2021,298
7/3/2020,277
9/13/2022,940
9/20/2020,250
2/1/2022,554
8/23/2013,134
5/12/2022,601
12/23/2009,72
5/10/2020,281
1/3/2020,388
10/31/2010,78
4/14/2010,113
7/22/2016,133
2/15/2017,110
4/24/2012,139
7/22/2014,122
11/20/2019,201
6/9/2010,94
6/12/2015,62
6/11/2021,341
9/25/2017,115
6/9/2011,116
6/18/2021,270
12/20/2015,100
7/6/2016,98
9/25/2021,367
5/10/2022,577
6/2/2013,110
2/22/2019,144
2/5/2010,87
10/21/2013,113
9/20/2022,1274
1/1/2020,241
3/5/2020,232
7/28/2009,144
4/30/2018,151
7/15/2018,136
5/8/2020,261
7/19/2010,67
10/11/2011,138
11/16/2019,224
1/5/2017,153
5/20/2010,105
8/31/2021,446
4/4/2012,132
12/19/2016,122
9/21/2021,455
7/29/2011,141
8/31/2020,330
1/27/2022,589
3/4/2020,256
7/5/2015,99
9/23/2021,390
6/9/2021,392
10/24/2012,109
9/8/2010,97
4/15/2021,362
9/8/2020,312
7/15/2014,102
5/17/2010,97
11/24/2019,210
5/27/2012,105
3/22/2014,138
11/3/2021,467
1/12/2016,113
6/22/2009,187
3/7/2013,141
7/10/2018,176
3/13/2022,555
6/6/2021,339
9/17/2012,104
2/1/2009,23
10/21/2009,78
8/20/2011,133
5/5/2018,127
6/9/2022,608
10/7/2020,299
6/11/2018,167
6/21/2022,654
6/1/2016,106
3/23/2016,152
7/31/2013,99
6/23/2018,185
9/10/2011,100
3/30/2016,97
8/28/2021,378
11/22/2013,120
1/2/2019,176
11/17/2016,112
10/15/2020,291
9/7/2019,185
9/24/2019,192
4/26/2008,19
4/9/2012,111
11/15/2020,312
10/24/2019,222
9/26/2020,274
6/8/2021,342
11/1/2017,136
11/1/2015,110
2/3/2010,120
3/27/2019,163
9/18/2020,287
7/1/2014,109
6/29/2009,166
1/4/2020,307
12/12/2019,230
10/3/2021,450
11/8/2020,322
4/23/2018,123
1/26/2014,160
4/9/2009,128
11/30/2020,282
5/4/2020,283
6/5/2021,315
8/15/2019,198
1/16/2016,119
12/2/2016,124
6/14/2018,145
8/29/2011,150
6/23/2011,130
4/17/2021,116
3/27/2014,91
5/29/2018,171
9/9/2012,99
1/28/2017,177
7/6/2019,179
11/19/2013,109
12/27/2014,120
1/23/2010,108
5/22/2011,146
11/5/2009,89
9/3/2012,103
8/5/2016,111
3/16/2015,125
8/8/2022,755
1/23/2020,281
10/22/2012,99
5/20/2014,134
9/13/2015,114
5/6/2021,388
7/15/2009,131
10/21/2015,87
10/28/2011,122
4/5/2022,654
11/16/2011,150
12/13/2020,284
11/9/2018,131
9/17/2020,243
7/25/2009,100
9/11/2019,199
7/6/2015,100
10/16/2021,463
3/5/2018,130
12/28/2017,133
9/1/2015,107
10/22/2016,133
6/5/2013,127
9/18/2016,113
6/26/2022,604
3/9/2012,155
8/5/2012,115
3/23/2012,105
4/21/2009,178
7/18/2019,197
8/31/2009,96
4/18/2021,335
6/19/2021,317
12/7/2021,490
11/20/2013,103
7/16/2014,121
9/17/2016,110
7/18/2015,112
7/7/2022,720
11/4/2009,82
2/12/2021,323
3/8/2019,161
5/30/2022,613
12/28/2013,88
4/10/2020,332
12/4/2018,380
7/20/2014,109
6/28/2022,650
8/25/2014,102
8/3/2014,93
6/6/2022,574
12/6/2018,186
9/2/2016,119
2/22/2011,121
7/1/2022,697
9/5/2012,107
1/3/2017,133
4/3/2019,188
10/25/2021,465
7/9/2016,112
7/5/2012,122
1/3/2018,160
10/1/2019,182
5/12/2013,145
10/17/2022,1260
10/5/2020,294
5/13/2009,113
5/16/2022,532
8/10/2015,103
7/29/2016,146
9/16/2020,299
12/24/2009,62
11/15/2018,140
2/8/2021,386
9/22/2011,100
7/27/2018,156
1/7/2015,156
4/2/2021,371
9/18/2022,1015
3/3/2022,583
10/29/2010,63
2/5/2022,552
9/12/2020,297
5/5/2008,20
8/7/2021,339
4/11/2022,653
3/19/2013,133
10/27/2022,1791
12/3/2013,96
10/28/2018,131
6/14/2020,275
9/22/2020,310
11/22/2014,114
9/10/2015,99
3/10/2015,99
6/17/2011,121
7/13/2018,133
7/2/2018,135
3/11/2009,130
5/21/2021,328
3/20/2011,115
5/6/2018,123
11/17/2020,316
4/2/2022,551
9/17/2022,1028
7/19/2018,130
9/30/2018,183
11/9/2021,439
7/27/2012,119
9/7/2022,983
5/25/2022,662
8/12/2022,1184
8/16/2016,135
12/29/2020,324
4/10/2015,87
12/24/2013,89
9/29/2022,2055
6/24/2020,246
1/6/2013,99
3/25/2018,123
7/22/2009,152
2/4/2009,67
12/25/2017,123
11/2/2011,111
1/24/2013,106
7/14/2021,346
4/30/2021,316
5/24/2020,270
8/31/2008,12
2/8/2019,155
8/28/2020,348
2/26/2017,113
8/22/2022,866
4/5/2021,338
3/1/2022,559
10/14/2021,427
4/15/2010,127
3/24/2021,343
12/19/2015,106
3/13/2009,128
11/14/2015,146
5/6/2015,85
1/14/2011,100
7/20/2017,150
2/15/2011,150
7/12/2020,255
6/6/2016,83
9/30/2022,1874
11/21/2014,93
2/9/2015,122
8/19/2016,115
3/25/2014,112
3/4/2019,166
1/9/2017,161
8/6/2008,15
2/24/2010,105
7/3/2008,7
8/7/2013,127
6/25/2022,583
9/4/2022,939
9/28/2011,109
5/14/2020,352
3/20/2022,570
11/23/2020,297
12/6/2013,100
10/13/2015,121
7/8/2019,180
11/5/2012,99
11/2/2019,203
11/5/2020,323
5/25/2020,305
1/11/2022,573
9/14/2019,195
8/2/2021,454
3/24/2009,135
1/23/2014,138
1/31/2011,91
11/3/2015,86
1/9/2019,180
6/19/2020,314
8/17/2019,175
12/14/2020,321
12/26/2020,296
1/15/2019,170
12/24/2021,398
1/6/2019,199
5/6/2016,103
5/14/2010,94
4/25/2022,1259
7/22/2020,270
4/14/2018,176
4/29/2021,359
11/24/2020,343
7/21/2019,198
5/3/2022,585
9/6/2022,999
6/1/2017,128
2/10/2017,129
7/19/2021,401
11/30/2013,101
2/13/2022,587
6/10/2009,115
1/4/2021,369
12/11/2021,474
8/17/2014,112
6/30/2020,265
5/31/2021,366
7/15/2017,133
4/23/2021,337
8/9/2013,134
3/26/2018,153
12/16/2010,93
5/13/2012,110
1/11/2021,381
10/4/2021,825
3/11/2016,92
9/14/2022,1009
8/30/2011,120
2/21/2018,121
3/12/2017,132
1/24/2015,112
3/31/2020,352
4/20/2010,155
2/10/2020,261
5/14/2021,394
6/18/2016,107
11/13/2011,96
9/30/2009,79
3/5/2022,540
7/16/2018,175
7/19/2022,662
2/22/2010,86
11/12/2021,424
1/26/2019,150
1/24/2018,129
11/26/2020,276
3/30/2015,99
5/16/2010,86
12/7/2018,470
11/7/2009,87
4/9/2011,124
5/22/2019,180
2/1/2018,130
1/14/2021,348
1/19/2022,521
11/16/2015,106
7/5/2021,392
12/21/2018,156
3/12/2022,562
11/6/2012,115
6/23/2009,135
5/27/2019,159
11/21/2013,122
7/26/2012,113
2/10/2011,126
6/28/2018,138
10/20/2020,327
1/18/2017,166
5/9/2010,104
8/8/2021,359
5/26/2021,322
6/26/2021,319
10/30/2011,112
10/20/2015,80
6/3/2021,371
12/18/2014,79
6/6/2013,115
11/7/2014,106
2/3/2017,142
12/2/2019,196
2/14/2019,165
3/21/2020,346
3/22/2020,348
11/10/2021,471
9/2/2014,104
6/14/2012,123
1/26/2010,110
7/23/2018,147
2/16/2013,114
6/29/2020,275
3/26/2016,130
7/1/2009,147
11/9/2016,164
6/20/2012,120
3/1/2020,238
8/21/2015,107
4/21/2018,138
7/28/2020,273
5/25/2011,148
4/12/2011,107
4/26/2022,1810
9/8/2021,455
2/6/2010,82
1/30/2022,564
2/22/2018,147
12/10/2021,474
4/15/2020,309
11/2/2020,306
2/21/2019,147
1/29/2019,165
9/25/2020,236
3/9/2010,109
4/20/2018,125
4/17/2017,108
1/8/2019,202
9/4/2015,119
12/19/2019,205
3/17/2020,324
10/18/2020,297
10/29/2019,190
1/7/2014,135
4/28/2022,941
3/30/2013,94
7/29/2009,121
10/27/2015,139
2/16/2010,109
9/17/2019,188
11/2/2010,88
8/17/2022,759
4/28/2018,134
5/20/2021,401
2/28/2011,116
3/4/2012,138
11/24/2016,109
11/21/2017,144
1/6/2014,110
8/22/2021,370
10/3/2020,336
11/11/2015,136
1/18/2018,129
6/19/2015,87
6/7/2012,140
9/17/2011,119
4/23/2009,183
9/12/2021,398
1/10/2017,137
1/1/2018,165
3/18/2022,506
5/22/2014,97
3/6/2019,217
11/26/2010,79
3/10/2019,170
3/21/2022,592
10/30/2015,136
4/27/2018,139
3/12/2021,359
8/31/2016,117
3/26/2022,491
12/20/2019,190
6/15/2019,175
5/31/2020,400
2/2/2019,151
1/25/2020,204
2/21/2014,113
4/24/2015,78
7/13/2014,110
1/12/2015,113
7/15/2022,722
4/20/2020,358
5/3/2020,311
2/1/2020,257
4/16/2015,83
5/21/2022,531
3/31/2010,97
6/13/2012,140
3/29/2010,116
4/20/2021,404
10/30/2018,148
12/25/2012,104
3/5/2014,130
10/16/2017,148
10/10/2020,297
6/12/2022,764
2/10/2015,112
4/18/2020,418
10/1/2021,411
7/7/2020,282
6/11/2020,309
8/3/2021,433
10/1/2011,95
5/23/2022,575
4/4/2022,577
1/25/2013,108
1/26/2011,110
3/26/2020,362
10/8/2010,74
5/28/2016,116
8/14/2022,911
10/28/2017,115
2/29/2020,246
7/25/2020,259
9/18/2010,85
9/24/2011,101
4/10/2022,705
5/11/2020,320
2/17/2012,106
8/19/2022,781
10/12/2014,126
4/25/2021,393
8/4/2009,103
1/29/2011,107
4/3/2020,283
3/19/2015,112
5/3/2021,379
2/14/2022,546
1/26/2020,223
4/1/2022,522
10/29/2009,75
7/27/2020,260
5/24/2010,104
8/17/2013,105
3/18/2017,111
3/29/2020,330
1/12/2018,134
2/16/2022,632
1/28/2011,111
8/21/2022,776
2/1/2021,349
3/10/2021,362
8/17/2020,316
4/5/2015,98
4/8/2015,91
5/7/2020,314
8/14/2017,122
8/4/2011,129
7/8/2009,144
12/17/2011,106
2/3/2013,128
5/30/2014,112
7/5/2011,123
11/26/2013,114
4/1/2021,334
7/11/2011,131
3/9/2015,138
12/8/2013,96
9/3/2020,260
6/13/2011,167
3/3/2018,138
7/10/2020,278
4/2/2009,136
11/14/2012,107
7/29/2020,278
6/16/2018,130
4/16/2012,136
6/7/2010,106
4/15/2022,718
4/22/2017,127
8/14/2020,316
5/3/2018,126
7/22/2021,319
8/13/2022,746
9/27/2017,121
9/21/2019,178
4/12/2021,339
4/25/2020,349
11/4/2017,135
11/8/2017,155
4/6/2022,600
10/24/2022,1458
12/27/2018,166
9/18/2019,166
10/14/2020,297
5/13/2020,305
3/26/2007,12
9/2/2021,454
1/7/2012,130
6/13/2022,734
11/26/2018,180
2/17/2010,96
10/31/2015,92
7/7/2010,125
1/29/2015,89
5/24/2014,114
11/7/2018,159
5/9/2021,337
2/27/2018,124
6/14/2022,636
5/15/2020,252
4/18/2017,96
3/13/2019,204
4/15/2009,160
2/25/2011,115
2/5/2014,113
7/25/2016,138
9/3/2018,110
9/27/2021,438
2/28/2022,613
3/13/2016,127
6/8/2022,639
2/16/2016,85
2/12/2017,127
4/7/2009,104
1/22/2011,121
11/4/2019,204
5/2/2011,183
12/9/2011,168
9/25/2012,130
7/25/2017,155
1/20/2010,88
1/26/2018,122
7/23/2010,102
4/26/2018,123
4/7/2022,575
7/30/2019,198
6/15/2011,132
12/4/2017,143
3/8/2020,278
9/29/2019,196
4/20/2012,140
7/19/2012,120
7/1/2011,136
9/10/2022,971
1/14/2012,146
4/8/2011,143
1/1/2019,187
9/26/2010,81
12/23/2012,96
2/1/2014,113
8/6/2019,225
6/26/2020,256
10/1/2020,290
12/28/2019,198
10/3/2022,1327
3/3/2019,171
11/3/2018,162
12/1/2016,123
11/16/2021,456
6/19/2022,560
10/23/2021,464
8/15/2021,364
3/6/2009,98
12/18/2016,118
2/4/2019,153
8/13/2009,98
3/3/2012,165
6/7/2021,354
1/18/2010,107
10/9/2019,210
2/12/2022,592
1/27/2009,54
10/14/2015,125
12/5/2018,192
6/3/2013,130
5/26/2010,115
5/16/2016,115
10/29/2012,98
3/19/2020,291
12/26/2010,69
2/2/2020,213
9/11/2017,122
1/20/2019,182
8/10/2011,136
12/29/2014,291
7/24/2018,185
9/21/2020,322
10/27/2014,104
11/3/2020,265
10/25/2016,119
3/11/2014,100
10/7/2019,187
5/15/2019,175
2/14/2009,52
12/8/2021,442
9/25/2016,123
4/20/2022,699
11/22/2010,85
9/18/2021,384
10/10/2017,139
6/19/2018,169
11/29/2013,73
6/21/2009,155
12/12/2020,297
2/17/2011,123
5/31/2019,171
12/11/2010,94
1/19/2011,83
7/12/2009,107
7/31/2016,160
3/24/2015,102
6/3/2018,137
3/14/2021,376
8/29/2020,276
5/28/2020,318
1/27/2019,166
1/24/2022,527
2/4/2018,134
6/17/2015,87
12/8/2015,99
6/24/2019,192
5/18/2022,618
7/13/2021,375
11/5/2018,156
4/18/2014,109
1/15/2021,340
1/4/2022,536
3/22/2009,111
4/22/2010,129
9/27/2013,127
1/10/2018,132
9/29/2011,112
10/28/2013,99
9/26/2022,1782
9/5/2017,144
10/15/2019,197
8/16/2014,108
8/17/2018,151
5/29/2011,122
8/1/2016,138
2/20/2022,465
4/28/2011,109
12/24/2020,283
10/14/2017,130
1/27/2021,352
7/3/2016,118
10/22/2013,96
7/24/2009,114
4/11/2020,315
9/5/2021,394
3/23/2013,120
9/6/2020,275
7/21/2018,130
4/24/2020,311
8/1/2014,97
1/6/2021,378
1/4/2011,106
9/11/2015,84
9/26/2011,116
3/6/2022,535
2/2/2021,383
11/3/2017,152
5/13/2021,367
12/13/2015,124
10/2/2016,132
12/11/2017,146
6/8/2018,126
6/22/2022,618
8/25/2020,287
12/4/2021,479
5/23/2015,100
9/7/2015,98
11/11/2020,294
12/16/2009,105
9/26/2021,428
6/19/2014,118
6/3/2022,533
10/8/2022,1614
7/11/2009,91
1/24/2012,142
1/6/2011,83
9/10/2019,185
10/5/2021,509
4/27/2013,119
3/30/2009,130
1/10/2022,565
12/23/2020,318
1/5/2021,329
2/9/2016,106
1/21/2022,480
7/16/2021,298
4/2/2010,90
1/10/2019,171
11/21/2019,194
3/21/2021,353
8/18/2019,177
10/24/2020,288
8/23/2022,844
5/27/2011,130
5/30/2012,85
2/27/2012,144
12/11/2013,84
7/14/2017,188
1/17/2020,242
10/25/2014,105
10/11/2008,15
7/30/2017,135
6/13/2021,395
8/27/2016,120
4/24/2019,183
7/6/2020,294
9/1/2019,194
1/31/2018,129
11/22/2012,97
11/15/2012,96
5/4/2010,106
10/29/2020,344
5/19/2022,560
1/23/2021,327
12/7/2015,132
11/19/2020,334
11/13/2016,129
9/17/2018,146
6/21/2016,101
6/4/2021,295
5/5/2009,119
11/27/2010,80
12/5/2017,146
11/12/2020,328
12/15/2020,282
3/25/2022,502
3/31/2015,133
8/26/2013,117
9/24/2017,157
5/21/2015,92
10/16/2010,74
12/6/2019,205
2/10/2018,135
11/25/2012,101
8/4/2016,130
5/1/2014,89
8/5/2009,131
6/6/2017,127
7/20/2021,358
11/7/2016,92
8/26/2018,141
2/9/2011,117
2/25/2021,317
9/18/2017,115
12/3/2009,79
10/9/2016,121
8/16/2020,276
5/15/2013,100
7/23/2013,131
7/18/2021,319
9/10/2021,368
8/20/2021,402
6/8/2020,255
11/8/2018,128
10/2/2020,262
11/11/2012,130
4/25/2019,174
12/18/2019,204
10/4/2012,119
8/2/2016,118
1/27/2011,140
2/26/2010,71
2/24/2019,173
7/28/2016,127
6/1/2022,579
9/24/2022,1597
11/23/2018,131
9/22/2012,121
8/14/2009,112
6/28/2021,322
2/13/2016,91
1/23/2018,130
7/24/2022,662
5/2/2020,361
3/19/2022,558
6/7/2022,594
2/21/2016,114
12/21/2019,195
5/16/2017,135
10/8/2021,378
2/11/2021,355
8/4/2021,381
5/29/2016,93
12/10/2017,130
4/14/2020,317
5/25/2018,203
3/25/2012,109
3/19/2018,141
8/6/2011,127
10/19/2011,138
6/11/2010,71
5/12/2020,312
12/27/2019,240
1/1/2022,448
7/2/2010,69
6/2/2020,478
10/5/2011,116
9/3/2016,128
4/29/2018,138
1/9/2018,150
1/12/2021,392
8/14/2021,390
1/7/2010,120
2/15/2020,215
7/30/2012,120
1/18/2011,98
5/15/2017,101
5/19/2014,99
7/5/2020,271
10/10/2019,190
3/13/2015,106
9/16/2011,118
11/17/2021,424
9/9/2021,448
11/24/2013,114
5/6/2020,332
10/13/2010,104
6/8/2015,122
1/28/2012,134
8/21/2011,117
3/31/2012,126
3/24/2010,86
5/3/2014,84
2/23/2010,103
10/28/2010,76
4/23/2019,190
11/29/2021,472
12/16/2015,121
10/23/2020,330
6/5/2020,268
10/31/2017,95
3/17/2009,118
7/1/2016,105
2/9/2009,69
2/18/2009,95
1/6/2010,78
4/2/2019,171
1/16/2020,241
9/20/2021,370
3/29/2022,519
9/1/2009,106
6/4/2020,335
7/31/2021,363
4/22/2018,137
12/27/2015,98
7/20/2019,176
9/7/2010,109
11/14/2019,222
10/8/2017,133
8/19/2010,96
2/19/2019,166
11/15/2021,443
8/30/2013,117
9/1/2010,96
6/22/2017,144
10/7/2009,73
1/17/2021,345
10/10/2022,1375
8/11/2009,94
3/23/2021,336
3/6/2020,223
11/27/2021,481
9/23/2020,322
2/28/2021,293
2/1/2019,160
8/6/2021,395
12/12/2016,110
11/5/2016,119
7/29/2017,134
8/1/2012,138
2/24/2022,744
1/21/2020,224
12/10/2013,85
8/1/2010,92
10/27/2016,118
3/2/2017,122
10/17/2017,152
8/2/2012,131
5/5/2015,91
3/28/2010,110
10/24/2015,94
1/3/2019,186
3/15/2019,148
11/27/2014,91
12/27/2021,484
11/10/2017,93
7/3/2019,183
2/19/2014,110
11/21/2011,121
7/9/2019,189
4/16/2009,156
3/1/2021,390
9/27/2010,105
9/3/2014,100
1/8/2010,112
7/2/2022,622
4/28/2016,116
2/15/2016,141
1/8/2021,369
10/18/2011,124
12/14/2021,445
12/21/2021,466
7/28/2018,138
7/29/2018,142
5/5/2014,123
3/18/2014,142
8/22/2014,101
8/13/2018,133
9/9/2010,106
11/7/2017,135
7/25/2018,146
4/30/2009,171
5/19/2018,111
9/4/2016,124
9/4/2020,287
11/1/2018,160
10/30/2017,103
3/12/2010,109
7/19/2016,145
10/3/2009,76
6/1/2013,101
4/26/2014,97
12/26/2016,103
8/29/2018,183
1/21/2021,357
12/30/2011,114
8/31/2010,121
8/7/2018,151
11/15/2017,139
2/13/2013,110
12/3/2019,188
3/7/2018,108
5/26/2022,608
1/2/2013,134
2/23/2022,561
2/7/2021,341
4/22/2022,566
10/26/2022,1585
8/5/2013,105
11/28/2017,126
1/17/2012,142
4/4/2015,106
2/8/2014,121
5/9/2015,98
8/9/2022,774
11/16/2013,100
4/7/2018,126
1/9/2020,261
10/16/2014,105
4/17/2019,159
7/16/2015,99
7/16/2019,198
5/14/2013,98
6/29/2010,98
6/9/2012,105
10/6/2011,118
4/3/2018,130
7/29/2015,110
5/28/2015,95
7/26/2018,163
5/11/2016,106
1/21/2013,135
4/30/2015,92
7/31/2011,126
9/21/2013,99
12/23/2017,123
6/16/2022,679
7/8/2021,339
3/10/2014,117
11/27/2015,96
6/1/2021,320
5/12/2017,99
11/7/2020,344
9/25/2011,103
12/28/2010,79
1/29/2022,555
9/4/2011,98
10/9/2011,144
6/14/2014,110
9/10/2017,127
6/25/2011,154
4/14/2009,147
7/2/2016,111
4/5/2018,152
8/12/2021,375
1/3/2022,526
12/13/2016,105
2/9/2022,578
6/1/2015,105
7/1/2020,265
4/5/2012,127
7/4/2021,371
4/12/2016,124
2/3/2012,132
6/29/2017,129
5/8/2010,110
1/29/2013,111
5/17/2015,93
12/7/2016,126
11/23/2019,188
9/26/2014,77
5/17/2016,113
1/21/2014,111
4/29/2019,165
10/1/2022,1219
2/16/2021,348
5/7/2022,584
12/6/2017,161
4/3/2022,607
8/4/2022,718
12/12/2011,124
10/14/2014,88
3/2/2021,318
5/30/2015,111
7/5/2016,98
5/10/2019,147
7/22/2022,726
11/24/2008,29
6/23/2020,228
1/29/2016,105
11/22/2018,160
11/14/2016,140
9/3/2022,863
5/8/2012,135
4/18/2016,104
2/5/2012,130
5/11/2015,105
9/3/2010,100
2/5/2020,238
6/11/2016,112
9/22/2010,103
9/30/2021,447
1/15/2022,519
3/31/2022,540
4/5/2020,317
3/9/2013,125
3/12/2016,121
2/28/2020,246
6/26/2016,137
2/27/2015,118
5/31/2015,106
7/11/2021,334
8/3/2018,151
9/19/2009,67
7/13/2010,92
5/31/2013,115
7/5/2014,98
9/1/2020,319
4/12/2022,686
11/6/2015,105
5/3/2008,11
10/8/2016,126
11/4/2018,163
1/21/2010,119
6/17/2016,86
8/27/2018,136
6/24/2016,121
3/30/2020,347
7/26/2011,127
1/7/2022,513
11/2/2016,120
12/11/2014,103
10/22/2014,102
4/9/2015,129
9/28/2016,104
8/29/2010,69
2/1/2017,132
10/7/2011,109
8/25/2022,784
8/20/2016,124
1/19/2020,241
7/3/2022,713
3/3/2021,323
11/8/2019,181
11/30/2018,132
2/25/2022,617
7/9/2017,113
4/28/2012,102
12/30/2020,366
2/23/2016,96
2/10/2021,367
11/6/2019,207
4/7/2011,113
11/26/2008,23
3/17/2017,110
10/3/2011,93
1/9/2011,112
5/31/2009,89
1/2/2022,540
4/1/2020,325
10/2/2012,113
6/27/2020,256
6/24/2014,87
12/3/2011,113
1/23/2019,199
10/22/2011,125
3/22/2010,101
4/13/2012,110
9/25/2009,82
9/19/2008,18
10/12/2013,96
4/30/2012,121
3/5/2016,151
4/22/2012,106
3/25/2010,88
8/25/2016,108
12/11/2015,93
7/28/2017,127
6/19/2012,149
8/4/2020,257
5/8/2018,143
10/9/2014,97
2/11/2011,131
6/8/2019,162
5/30/2018,149
5/30/2019,177
4/6/2018,103
9/18/2012,108
11/1/2021,441
9/13/2021,421
4/1/2013,112
4/13/2020,348
6/5/2018,135
6/17/2020,321
5/19/2017,100
5/8/2009,110
4/25/2015,95
4/21/2022,610
2/7/2010,84
12/8/2010,101
8/25/2019,171
6/10/2020,314
8/31/2022,899
12/30/2012,105
6/12/2016,108
3/23/2019,156
4/6/2014,98
12/4/2016,127
1/10/2015,117
10/28/2014,92
5/1/2019,174
11/9/2012,124
3/2/2020,219
2/23/2019,188
7/23/2017,159
6/25/2009,170
11/15/2014,96
10/24/2011,129
3/19/2009,145
7/5/2013,108
11/4/2021,526
7/13/2020,255
8/8/2020,284
12/18/2013,99
8/2/2018,138
12/18/2021,476
4/13/2021,291
6/21/2019,189
10/5/2017,143
4/26/2021,364
1/3/2012,134
4/30/2019,167
2/22/2022,509
7/30/2021,391
1/9/2014,100
5/22/2020,284
12/5/2021,415
7/27/2021,336
12/27/2012,113
1/20/2021,379
6/16/2015,79
9/7/2020,296
3/1/2017,141
8/29/2019,192
4/24/2010,115
9/23/2018,156
1/22/2022,536
9/23/2014,89
11/20/2017,103
2/25/2018,124
4/7/2017,95
8/20/2020,315
9/22/2021,438
8/21/2013,126
9/22/2013,106
12/18/2018,163
2/3/2018,136
1/15/2020,271
2/16/2011,112
6/18/2011,128
10/20/2019,186
11/5/2021,505
12/26/2013,95
7/30/2008,20
8/28/2009,111
12/12/2013,85
7/21/2022,661
5/21/2020,339
6/19/2009,182
5/2/2022,631
3/31/2021,356
8/31/2013,132
12/31/2017,140
8/26/2014,91
8/24/2013,119
3/27/2018,149
7/2/2009,146
3/30/2021,337
10/26/2010,87
4/9/2021,340
8/25/2017,125
5/7/2010,107
8/16/2012,110
6/24/2012,128
7/1/2015,107
3/10/2011,115
3/20/2018,128
6/25/2020,275
6/27/2021,384
2/11/2018,138
12/7/2011,104
10/2/2021,405
9/12/2013,108
6/4/2012,115
7/30/2022,696
2/27/2019,200
5/20/2020,402
8/29/2013,106
9/17/2013,96
10/15/2009,100
2/12/2010,87
12/26/2019,209
10/26/2015,110
10/25/2013,102
5/23/2009,73
7/10/2010,99
12/16/2018,184
3/1/2009,81
4/2/2015,115
1/10/2010,98
12/31/2021,409
3/28/2022,526
11/23/2012,119
11/20/2021,441
8/21/2021,362
8/15/2015,97
7/27/2011,120
10/11/2016,150
8/13/2021,446
5/26/2014,104
5/1/2022,609
6/19/2016,108
5/12/2021,401
9/13/2012,105
3/8/2022,580
1/25/2019,146
6/7/2017,147
4/16/2014,117
8/22/2020,286
7/24/2014,96
3/14/2022,524
4/9/2008,14
12/13/2021,493
1/8/2022,557
12/2/2009,76
10/29/2017,116
2/10/2010,80
5/23/2020,284
9/4/2017,107
4/7/2019,158
5/24/2017,113
11/23/2009,70
5/3/2013,113
8/29/2017,140
10/22/2017,163
11/14/2020,318
12/12/2009,70
4/14/2011,99
10/8/2018,129
1/26/2022,499
9/2/2022,1000
7/24/2021,328
4/27/2019,157
12/12/2018,166
6/2/2014,111
6/30/2019,182
2/23/2012,105
3/30/2012,131
7/10/2008,10
7/8/2017,150
8/6/2013,123
12/9/2018,189
6/30/2022,740
2/25/2020,214
6/22/2020,266
5/24/2019,146
5/24/2021,336
7/27/2022,708
12/6/2021,474
7/6/2018,158
6/3/2009,112
10/6/2020,307
6/27/2011,110
3/1/2018,115
9/15/2009,87
5/21/2011,143
3/27/2011,130
5/17/2018,106
7/12/2014,109
2/29/2016,113
3/22/2022,591
5/30/2013,125
10/24/2014,101
12/31/2014,104
10/12/2015,90
8/4/2018,148
8/3/2012,139
4/1/2015,99
4/10/2021,297
7/22/2013,130
3/31/2013,117
12/17/2021,434
5/11/2022,614
4/19/2009,148
2/26/2020,229
10/11/2015,101
9/11/2020,299
5/27/2020,268
2/9/2019,157
6/24/2010,113
6/20/2011,139
6/29/2022,667
12/22/2019,214
8/19/2009,129
10/4/2020,304
8/15/2009,109
8/10/2017,144
4/19/2021,383
4/28/2008,19
8/17/2009,115
9/1/2014,128
12/17/2013,90
1/4/2017,129
2/17/2013,104
7/12/2021,394
3/27/2017,117
4/23/2020,262
5/1/2017,152
12/12/2021,430
7/28/2013,93
2/14/2015,91
3/25/2017,116
1/21/2018,150
9/19/2012,121
7/12/2011,115
6/5/2015,102
6/13/2020,304
5/31/2022,590
8/22/2019,156
1/10/2012,150
7/19/2020,297
6/23/2014,92
6/21/2018,157
4/7/2014,125
8/18/2021,467
9/27/2015,106
2/8/2013,116
10/1/2016,110
8/30/2009,84
10/25/2011,112
1/23/2022,527
7/8/2015,99
2/24/2020,239
12/11/2019,231
9/5/2019,190
9/28/2020,260
2/26/2021,314
3/26/2021,324
4/9/2018,126
5/31/2010,135
8/25/2018,136
3/2/2010,113
7/12/2022,716
12/2/2010,92
3/8/2018,131
9/19/2020,317
3/28/2013,127
6/26/2014,110
9/8/2018,140
6/19/2017,150
7/2/2012,137
12/29/2021,455
3/8/2014,104
1/8/2018,167
8/24/2010,97
11/25/2015,92
11/9/2017,146
5/7/2021,365
9/10/2014,107
2/6/2017,145
6/29/2013,90
8/18/2014,95
4/10/2009,130
12/14/2015,98
8/30/2020,310
3/9/2017,106
10/24/2009,83
1/22/2012,134
12/23/2016,105
5/26/2013,123
5/15/2014,102
9/15/2018,168
9/27/2016,135
9/9/2017,124
8/4/2019,188
7/17/2018,149
7/26/2022,723
1/18/2012,125
3/18/2019,149
3/8/2021,325
11/11/2019,195
12/3/2020,315
4/4/2009,124
2/18/2011,138
11/26/2012,109
5/7/2018,139
5/15/2012,106
2/8/2015,133
3/15/2022,533
11/10/2015,94
4/2/2018,119
2/6/2014,113
6/13/2018,166
8/18/2020,293
11/24/2018,151
11/9/2020,305
3/15/2021,333
3/9/2020,202
7/25/2015,92
6/15/2020,347
6/20/2021,330
1/18/2014,110
9/3/2013,128
4/3/2009,135
9/24/2021,355
10/28/2020,300
3/5/2013,114
1/18/2009,38
11/13/2021,483
7/14/2018,146
11/24/2010,97
8/19/2020,304
12/5/2015,104
8/22/2011,121
3/23/2011,121
3/31/2019,175
3/28/2019,179
8/26/2016,94
2/8/2022,602
4/27/2016,101
4/27/2014,107
4/6/2010,79
3/13/2011,142
11/5/2019,226
12/13/2019,206
12/14/2013,105
11/11/2021,464
8/31/2018,112
4/29/2020,268
11/25/2011,105
5/15/2021,331
9/16/2021,406
9/15/2017,111
3/1/2015,127
1/31/2020,212
11/21/2015,104
12/22/2021,419
5/16/2009,90
8/10/2020,293
2/4/2012,113
8/13/2019,207
2/7/2019,163
4/5/2011,110
5/10/2013,117
6/25/2019,219
6/1/2014,95
7/29/2010,104
4/5/2014,119
5/3/2017,105
5/11/2013,103
3/15/2009,128
11/13/2009,89
1/14/2017,118
1/10/2021,318
9/2/2015,85
12/15/2010,103
6/30/2017,143
1/31/2022,503
7/7/2021,371
4/24/2009,177
8/11/2014,105
1/14/2022,509
1/8/2011,99
9/14/2015,127
5/4/2011,147
10/10/2018,151
1/29/2020,213
3/19/2021,378
8/6/2018,140
11/29/2011,122
7/18/2018,133
5/26/2020,341
2/1/2012,134
7/14/2011,112
10/7/2021,404
5/22/2017,110
7/3/2021,370
7/15/2020,345
7/21/2012,95
8/31/2017,144
7/20/2013,107
4/24/2021,305
12/27/2020,324
12/28/2021,448
3/13/2018,130
3/5/2010,104
12/1/2015,91
8/9/2020,250
3/21/2015,104
3/9/2022,578
8/23/2018,125
8/12/2009,131
4/18/2009,209
11/6/2010,75
6/5/2009,105
1/13/2019,174
1/4/2012,175
2/15/2009,57
5/28/2021,339
10/31/2016,106
3/24/2020,345
3/21/2017,135
9/23/2017,125
9/19/2010,90
1/28/2010,113
10/22/2010,73
8/15/2013,97
12/15/2013,111
12/7/2020,277
3/29/2021,310
8/2/2013,103
4/15/2011,107
7/8/2020,344
10/7/2016,113
10/26/2011,124
4/25/2017,142
4/7/2021,349
2/4/2011,97
10/17/2020,298
6/10/2022,577
11/10/2013,99
8/8/2016,127
2/22/2021,325
8/12/2010,58
7/8/2022,630
11/26/2021,428
11/4/2016,99
9/30/2019,202
8/13/2015,84
8/18/2009,113
5/26/2012,83
7/27/2017,140
10/17/2015,93
2/14/2016,130
12/21/2013,100
6/23/2021,346
6/12/2010,100
4/12/2015,123
3/14/2018,127
6/26/2018,143
10/9/2010,100
4/12/2014,113
9/12/2016,115
5/25/2009,90
3/1/2013,107
4/26/2015,82
6/8/2011,161
4/8/2021,327
8/8/2013,118
3/17/2011,101
2/23/2020,199
11/17/2011,116
10/29/2011,106
2/7/2011,128
6/10/2021,418
6/24/2021,306
4/12/2019,125
6/22/2019,185
8/20/2022,734
3/10/2022,591
3/15/2010,76
10/10/2021,422
3/3/2010,98
6/3/2012,93
2/13/2010,80
5/6/2019,171
6/16/2010,84
7/4/2022,688
4/17/2020,311
9/15/2012,100
10/26/2020,286
10/21/2021,413
7/4/2020,251
11/13/2013,111
6/2/2010,104
10/11/2012,104
6/7/2014,99
11/1/2019,223
6/5/2012,119
1/3/2016,112
11/16/2010,83
9/2/2019,194
11/16/2018,146
9/14/2010,103
8/25/2010,90
1/3/2021,372
10/16/2013,90
4/5/2017,110
1/22/2015,121
12/10/2020,301
12/8/2011,147
11/12/2008,25
3/8/2017,116
3/26/2010,107
3/17/2016,93
4/7/2012,103
12/5/2019,207
2/17/2017,116
3/6/2018,137
4/16/2016,89
3/23/2014,109
3/1/2010,126
8/7/2020,333
12/16/2021,430
3/16/2009,138
9/4/2019,174
6/18/2010,99
3/25/2019,190
9/17/2021,396
5/3/2011,116
6/22/2018,123
4/11/2009,111
8/10/2019,226
9/14/2020,279
12/6/2011,126
11/11/2018,132
9/29/2021,422
10/17/2021,391
8/28/2010,89
3/5/2009,137
1/2/2012,142
10/3/2016,110
8/1/2017,167
5/28/2010,89
12/12/2014,89
2/27/2021,310
9/19/2017,117
7/26/2016,133
6/3/2019,167
5/14/2016,97
12/19/2018,162
11/13/2019,202
1/2/2017,173
5/6/2012,127
2/21/2011,132
8/7/2015,109
10/19/2015,107
1/20/2022,495
3/23/2022,605
1/17/2018,157
1/30/2018,125
9/29/2016,107
12/25/2014,83
5/4/2018,137
12/31/2020,356
7/15/2010,96
1/14/2013,123
1/9/2022,536
10/29/2021,441
5/1/2018,176
5/1/2009,110
7/18/2020,269
8/15/2020,339
11/13/2017,128
2/11/2010,104
3/7/2020,230
12/4/2020,296
7/8/2013,104
3/13/2021,354
1/26/2021,360
2/2/2014,96
7/22/2010,102
3/20/2014,130
3/24/2022,514
10/2/2018,122
10/4/2018,164
10/17/2019,186
12/19/2021,464
8/31/2014,116
2/10/2022,555
9/7/2021,448
3/11/2012,132
10/23/2011,116
10/9/2017,131
1/2/2021,327
4/2/2020,358
4/22/2009,176
5/2/2015,103
7/19/2017,137
4/27/2020,340
4/17/2013,149
7/21/2009,134
4/17/2016,101
8/29/2016,114
6/10/2016,112
7/6/2011,162
7/26/2021,401
7/11/2016,136
5/20/2008,11
6/23/2010,83
3/17/2021,355
8/14/2019,189
1/14/2015,120
2/22/2014,127
8/11/2011,124
10/6/2012,110
9/11/2010,81
4/6/2019,190
8/1/2021,368
8/27/2020,350
10/14/2019,231
11/10/2009,107
4/25/2010,81
10/19/2017,108
1/4/2018,194
2/3/2015,121
10/1/2013,114
11/9/2011,103
6/27/2013,101
12/22/2013,78
5/2/2019,148
11/14/2017,124
1/5/2019,223
5/28/2011,115
4/29/2010,114
1/23/2017,158
8/3/2020,291
2/6/2018,159
5/18/2020,280
4/21/2010,94
12/11/2011,133
12/7/2017,118
7/20/2020,295
3/2/2011,150
9/26/2012,119
3/11/2010,84
3/21/2007,19
8/26/2012,114
3/9/2009,112
6/9/2015,103
7/28/2012,113
5/13/2018,148
7/26/2020,307
1/12/2014,112
7/7/2017,116
8/23/2017,124
6/23/2022,605
10/31/2012,126
7/14/2012,110
6/29/2021,314
8/9/2021,390
5/18/2009,120
5/24/2012,116
1/28/2018,148
10/6/2019,224
1/10/2014,91
11/21/2018,172
12/4/2014,89
4/17/2015,82
7/9/2013,121
12/22/2016,93
10/20/2011,120
4/27/2009,178
8/11/2017,147
6/6/2020,339
3/6/2021,346
1/8/2017,132
5/31/2014,107
5/17/2022,585
9/20/2012,105
6/16/2013,138
10/31/2011,102
11/1/2013,98
6/7/2011,148
11/23/2015,108
7/12/2015,97
12/1/2019,205
10/21/2012,128
8/19/2013,104
3/16/2018,113
5/23/2011,147
4/26/2010,92
11/21/2020,271
5/16/2011,117
4/19/2017,124
2/26/2012,136
10/23/2013,98
10/13/2018,120
7/4/2011,125
9/21/2015,90
12/18/2017,128
10/9/2018,143
5/11/2010,130
7/20/2018,107
11/22/2020,263
10/20/2013,101
1/13/2011,122
12/28/2018,189
8/20/2009,110
6/9/2013,128
12/20/2013,97
2/20/2010,77
9/14/2021,461
12/22/2009,66
9/26/2018,140
4/22/2019,184
4/21/2015,101
1/6/2016,137
6/18/2015,91
2/18/2019,142
8/1/2020,267
5/22/2015,82
4/14/2015,125
4/12/2017,125
12/9/2019,205
1/14/2020,256
6/21/2020,258
6/30/2021,350
9/30/2020,298
11/12/2018,143
9/28/2019,218
3/24/2012,128
7/31/2020,281
7/14/2009,142
9/10/2018,146
1/2/2015,125
4/4/2011,113
10/24/2016,156
12/31/2009,77
8/19/2007,5
6/26/2013,116
9/14/2011,97
6/17/2009,205
7/11/2020,263
10/5/2019,159
3/4/2021,324
10/19/2016,110
9/29/2010,101
7/6/2017,116
5/16/2020,318
6/18/2017,125
10/27/2011,113
10/18/2019,208
11/22/2017,118
3/16/2013,112
1/11/2016,112
4/14/2012,125
3/28/2009,108
9/24/2009,90
4/16/2013,112
12/20/2020,267
5/29/2010,104
3/26/2015,95
1/12/2013,128
5/19/2021,385
12/15/2018,160
7/25/2021,381
10/17/2018,124
11/9/2013,124
1/18/2019,164
5/2/2009,131
3/4/2011,101
12/7/2012,100
7/31/2017,177
3/22/2021,338
4/9/2010,113
9/13/2009,93
8/26/2019,197
8/15/2018,135
10/3/2008,20
12/19/2020,278
10/20/2010,91
9/20/2018,137
6/15/2018,110
1/14/2010,108
5/3/2016,102
5/12/2015,102
4/13/2019,144
6/26/2015,117
4/26/2020,315
8/6/2017,125
12/23/2018,167
11/28/2019,180
6/22/2013,117
7/7/2012,111
8/21/2020,312
9/2/2011,114
9/8/2019,173
9/24/2020,296
8/22/2016,101
2/28/2015,115
11/30/2014,125
11/18/2015,122
8/8/2018,130
9/19/2013,96
1/20/2013,105
5/23/2016,104
10/31/2019,200
7/21/2016,118
6/14/2021,299
8/15/2022,907
3/7/2009,78
6/9/2014,104
8/16/2015,81
10/12/2019,221
12/27/2017,161
4/15/2014,102
9/20/2009,64
1/19/2021,329
10/17/2011,132
11/12/2010,62
3/31/2011,116
5/7/2016,113
5/13/2011,118
5/25/2019,183
12/14/2011,99
6/19/2011,109
4/7/2015,84
2/20/2012,133
6/6/2009,93
4/4/2019,168
1/19/2019,193
3/10/2017,109
10/17/2010,90
5/6/2010,123
9/19/2015,93
7/19/2013,115
4/11/2013,117
4/13/2018,121
10/28/2007,3
7/4/2016,102
12/8/2020,286
3/25/2008,12
1/13/2020,257
11/11/2014,98
6/27/2010,88
9/29/2013,114
9/19/2019,188
7/14/2015,118
5/4/2022,574
11/21/2021,431
8/14/2012,139
9/15/2013,112
12/11/2012,103
7/27/2010,108
6/2/2022,558
3/28/2018,129
8/23/2021,389
12/18/2011,115
7/27/2013,121
3/14/2020,248
1/9/2015,121
6/20/2014,91
2/15/2022,559
4/23/2022,498
12/1/2014,93
6/10/2018,162
8/3/2017,140
11/1/2016,98
4/11/2018,154
12/13/2011,135
7/14/2020,374
5/8/2019,163
4/10/2019,138
6/8/2009,129
11/7/2019,187
9/29/2015,108
12/22/2014,93
8/25/2015,106
9/14/2017,120
4/30/2011,136
3/24/2017,102
9/28/2015,93
6/28/2020,336
2/18/2016,136
2/22/2012,135
3/24/2018,119
11/30/2011,132
7/21/2021,339
1/9/2021,377
8/5/2020,319
8/5/2010,90
3/9/2021,342
10/24/2021,477
7/30/2020,264
11/6/2018,144
7/17/2020,265
12/6/2014,100
12/9/2010,82
7/6/2021,324
5/16/2021,356
2/8/2012,131
12/30/2021,500
1/20/2020,202
12/16/2020,302
12/1/2021,470
5/9/2022,722
1/31/2019,178
12/25/2015,92
1/7/2021,359
8/17/2012,119
11/25/2021,424
4/28/2010,119
12/14/2014,113
1/22/2020,290
9/27/2009,77
11/17/2017,109
1/19/2014,128
8/27/2013,111
5/10/2018,112
8/22/2017,124
9/28/2021,422
8/16/2021,586
12/21/2016,116
11/29/2018,129
2/19/2021,329
3/19/2017,95
2/16/2017,119
3/7/2021,335
3/10/2018,142
7/31/2012,117
5/27/2021,351
7/31/2009,115
5/5/2020,321
7/7/2013,106
8/25/2011,139
7/24/2013,105
2/17/2019,197
12/15/2015,82
9/10/2020,298
4/22/2016,96
2/9/2020,217
2/24/2013,119
7/13/2013,101
10/12/2010,85
11/16/2020,310
11/12/2016,123
4/21/2019,151
7/23/2009,129
3/24/2014,130
11/19/2011,95
11/22/2007,5
10/22/2015,102
1/22/2014,102
10/5/2009,91
12/25/2019,199
3/27/2012,140
1/15/2016,136
2/14/2021,328
3/29/2019,159
6/17/2010,93
5/14/2011,120
12/13/2017,119
3/11/2013,121
9/5/2014,102
2/21/2012,137
11/30/2017,128
6/14/2010,90
3/18/2011,124
10/26/2008,12
12/26/2009,69
1/6/2020,282
7/8/2012,111
5/17/2017,120
9/24/2018,141
12/16/2016,99
10/26/2016,96
10/1/2012,95
3/8/2009,98
12/17/2015,92
4/26/2017,113
6/20/2020,267
6/20/2022,678
3/14/2013,123
5/20/2017,133
11/18/2020,395
3/21/2012,117
5/21/2016,142
8/28/2014,109
3/5/2012,121
7/10/2011,130
4/19/2018,117
1/24/2021,315
8/9/2016,105
11/13/2008,34
3/11/2011,125
6/21/2015,109
5/31/2016,102
4/9/2020,372
7/16/2013,129
2/13/2017,123
4/11/2011,117
4/9/2017,111
1/28/2014,109
11/6/2017,141
2/20/2014,101
11/3/2013,98
1/13/2017,161
8/10/2018,160
12/11/2009,82
11/12/2017,114
9/6/2008,15
9/4/2021,390
2/18/2018,150
11/17/2008,39
10/31/2009,60
4/6/2020,306
3/23/2017,118
11/10/2011,107
2/28/2014,101
2/5/2015,100
4/13/2013,105
8/1/2011,135
3/7/2012,135
2/25/2014,129
5/29/2017,112
8/16/2022,811
12/9/2016,98
2/2/2015,109
2/17/2014,107
8/20/2015,82
7/22/2011,111
7/14/2013,105
11/14/2011,105
10/30/2012,97
4/28/2015,109
1/22/2019,184
5/5/2017,105
1/3/2014,140
6/17/2021,303
9/10/2016,111
4/6/2017,119
5/22/2007,8
4/23/2010,82
9/6/2018,130
10/28/2021,451
5/26/2015,109
3/8/2016,124
6/24/2017,137
2/18/2015,102
6/23/2017,118
2/3/2019,180
6/5/2014,95
12/12/2017,152
1/27/2014,113
10/12/2021,385
2/14/2012,146
12/12/2015,87
12/25/2020,252
7/4/2015,106
5/11/2011,104
10/9/2013,95
1/20/2014,119
11/18/2014,87
2/14/2020,225
7/17/2011,93
11/26/2011,102
5/20/2016,96
8/12/2019,179
9/11/2021,413
7/1/2013,113
12/15/2019,232
12/5/2016,128
5/4/2019,158
9/13/2018,125
2/11/2017,131
1/7/2019,218
5/1/2013,104
10/18/2021,394
8/10/2014,85
6/21/2011,135
1/15/2010,104
9/17/2015,104
4/8/2010,98
1/24/2016,113
7/27/2019,184
7/10/2016,97
10/22/2018,162
3/12/2019,177
2/24/2014,115
5/9/2017,79
8/13/2017,157
3/26/2011,101
8/21/2016,135
4/13/2017,121
6/15/2014,105
7/7/2019,207
1/15/2018,150
12/31/2018,156
10/27/2018,164
7/9/2022,632
6/23/2012,107
1/29/2014,128
1/28/2022,590
1/7/2011,110
6/27/2009,140
10/24/2017,115
5/29/2014,122
11/2/2017,117
12/25/2009,49
8/7/2009,107
1/13/2021,392
6/8/2010,114
12/30/2018,148
5/29/2019,159
10/11/2020,261
2/5/2019,144
1/24/2017,141
1/22/2021,311
10/30/2019,201
1/16/2019,215
9/26/2015,117
12/28/2014,112
11/4/2013,92
11/29/2016,121
8/17/2011,151
10/26/2021,488
11/23/2016,101
10/25/2015,112
10/31/2021,444
7/4/2018,132
7/20/2016,114
1/1/2015,115
11/4/2012,130
8/7/2017,160
10/23/2017,118
8/12/2018,116
3/27/2022,510
1/24/2014,105
6/12/2018,148
7/5/2019,170
2/25/2012,120
2/7/2015,107
3/5/2021,292
4/5/2010,99
3/12/2018,130
2/21/2020,216
1/23/2015,99
3/4/2014,129
3/14/2016,108
9/16/2015,103
6/28/2015,107
11/12/2012,113
1/17/2014,83
9/27/2011,146
10/2/2009,81
6/16/2017,103
11/19/2012,111
1/9/2016,97
9/12/2010,99
4/6/2015,103
6/12/2013,122
3/18/2018,158
9/28/2017,134
4/1/2019,170
12/21/2015,85
10/28/2012,93
1/20/2012,135
12/2/2012,103
8/24/2022,828
6/13/2017,109
11/15/2015,127
1/13/2012,136
10/30/2021,439
8/7/2019,216
11/23/2014,112
3/30/2010,108
5/5/2016,89
5/19/2020,374
6/10/2019,181
6/23/2019,174
9/21/2009,99
12/31/2016,113
2/24/2021,351
8/23/2011,130
5/2/2010,86
10/18/2013,116
10/4/2011,131
4/10/2010,101
4/30/2020,275
3/31/2017,151
7/1/2010,94
5/27/2010,100
9/12/2014,95
1/11/2011,140
8/28/2019,181
9/12/2012,121
12/23/2019,191
8/9/2015,105
12/9/2021,452
2/5/2021,318
2/15/2019,129
8/15/2017,138
8/6/2014,91
9/7/2014,117
8/16/2009,79
11/25/2014,101
6/3/2007,2
5/11/2017,107
4/22/2014,114
4/21/2017,108
9/17/2017,156
6/29/2016,95
3/7/2019,186
3/7/2014,114
1/5/2014,122
5/19/2010,114
4/18/2013,125
11/17/2019,196
10/22/2021,481
5/7/2012,126
6/21/2017,148
5/11/2012,86
8/22/2010,96
7/4/2019,162
12/13/2010,82
5/2/2017,135
8/2/2009,69
8/6/2009,100
1/30/2019,155
1/16/2010,122
12/4/2010,79
2/23/2021,338
11/12/2014,105
12/30/2014,143
5/4/2009,136
6/22/2010,124
6/14/2013,94
10/20/2012,95
6/12/2021,340
6/10/2017,115
2/25/2019,163
9/26/2017,150
12/24/2011,100
7/9/2018,132
6/5/2011,96
6/15/2009,172
7/1/2018,120
8/24/2019,186
7/17/2019,186
7/23/2019,168
1/22/2013,136
12/26/2021,454
9/8/2015,94
4/24/2014,91
12/19/2013,111
6/6/2010,84
9/3/2019,202
5/25/2016,96
4/26/2016,127
12/20/2010,120
5/19/2016,116
4/14/2014,100
8/29/2014,116
3/29/2009,129
6/14/2016,122
2/7/2017,149
5/19/2007,3
9/15/2010,101
7/18/2009,117
12/28/2016,129
1/11/2009,39
1/25/2011,107
3/20/2019,178
9/29/2009,71
4/17/2009,266
8/25/2013,103
7/19/2015,107
3/3/2013,134
12/18/2010,85
4/13/2010,94
4/8/2018,121
7/10/2019,201
11/19/2018,165
6/12/2009,117
1/11/2015,107
11/24/2017,102
3/16/2010,92
6/7/2019,171
7/25/2011,137
11/21/2016,115
3/12/2020,238
10/17/2016,117
8/17/2016,112
12/3/2014,98
11/26/2019,197
10/8/2014,102
3/30/2022,644
7/9/2014,134
2/8/2017,128
1/23/2009,44
12/17/2019,222
12/3/2016,99
9/20/2011,137
5/20/2019,165
12/13/2018,169
4/8/2016,96
5/18/2010,96
2/10/2009,74
1/11/2018,122
3/25/2011,111
2/28/2016,108
10/23/2018,151
1/16/2021,352
2/1/2016,111
9/15/2015,103
6/7/2009,90
5/19/2015,102
8/8/2017,126
1/14/2018,132
10/2/2015,82
2/3/2022,562
3/11/2020,259
1/2/2018,178
5/13/2019,162
1/17/2017,147
10/21/2018,156
1/4/2010,93
9/29/2017,113
5/15/2010,106
8/16/2010,96
6/11/2014,122
6/28/2019,180
1/8/2013,107
7/8/2011,114
10/30/2020,314
5/23/2013,111
3/28/2012,130
11/29/2010,91
5/30/2016,113
1/27/2018,147
5/23/2018,138
7/26/2013,130
2/11/2019,168
7/6/2010,112
10/23/2015,110
2/6/2022,508
1/16/2011,104
10/16/2016,132
11/13/2018,160
5/28/2012,111
12/17/2014,91
11/2/2014,110
12/22/2010,94
3/23/2018,134
4/12/2020,303
4/2/2012,139
12/2/2017,156
4/21/2020,353
2/16/2008,1
10/13/2013,97
8/31/2012,131
3/8/2011,121
3/6/2016,115
11/27/2012,88
3/23/2020,317
12/18/2020,294
5/13/2015,97
5/1/2020,328
4/29/2008,18
4/13/2014,128
1/1/2012,119
2/24/2016,108
11/24/2014,86
9/6/2010,97
7/8/2014,118
5/5/2021,365
9/4/2010,107
12/6/2010,80
4/15/2015,87
7/23/2021,310
8/20/2017,141
4/7/2010,117
11/5/2015,89
11/18/2018,130
4/30/2017,101
12/9/2008,40
2/21/2013,95
7/3/2009,132
6/20/2013,114
5/4/2013,131
9/20/2015,118
6/21/2013,105
8/28/2018,124
1/5/2012,117
8/14/2011,127
1/22/2017,156
5/23/2014,99
6/19/2010,76
5/30/2020,351
6/14/2017,124
10/5/2012,106
1/11/2014,122
12/21/2017,119
10/8/2008,17
3/18/2009,116
6/4/2019,152
11/4/2014,118
2/26/2019,165
8/1/2018,162
11/14/2018,249
5/12/2009,110
1/8/2012,130
7/9/2009,135
7/13/2016,151
3/2/2012,151
6/23/2013,97
4/23/2016,124
2/12/2013,131
4/11/2021,369
7/5/2017,151
11/8/2010,103
10/19/2020,322
5/29/2020,362
8/2/2015,99
9/3/2015,128
4/2/2013,114
6/4/2016,133
11/25/2020,280
2/14/2013,91
9/8/2011,105
12/30/2017,156
1/16/2018,153
5/18/2013,140
6/1/2012,107
6/24/2013,124
12/8/2012,109
2/14/2017,113
10/17/2009,98
12/6/2016,120
9/6/2014,93
6/21/2014,95
5/14/2012,108
6/29/2018,149
3/9/2019,150
9/1/2018,106
10/10/2015,106
10/15/2017,149
12/18/2009,67
12/23/2014,90
4/24/2016,117
6/20/2019,172
3/23/2009,132
4/23/2013,103
7/25/2019,175
10/6/2014,85
8/30/2017,163
3/29/2011,115
2/7/2014,135
3/12/2011,162
12/12/2010,81
2/5/2011,94
9/16/2012,110
6/13/2009,91
5/3/2015,102
8/24/2016,113
10/10/2010,76
5/12/2016,127
4/3/2021,276
1/19/2010,110
7/3/2012,99
12/31/2012,111
5/19/2019,197
8/19/2017,138
8/10/2016,115
5/20/2011,113
4/11/2015,101
7/31/2015,111
12/30/2016,122
7/26/2009,90
11/6/2013,86
6/17/2019,175
2/12/2011,99
4/2/2016,115
7/17/2017,135
9/23/2019,155
1/4/2016,120
3/27/2010,83
9/17/2008,15
3/15/2020,294
2/19/2013,119
1/1/2010,79
11/3/2010,79
11/10/2019,186
12/25/2011,113
12/24/2015,85
12/7/2014,103
8/1/2009,89
7/10/2021,357
7/8/2016,92
2/13/2011,98
5/22/2012,115
1/6/2012,121
4/20/2019,166
2/10/2016,111
2/6/2012,113
10/7/2012,110
5/23/2017,129
8/1/2019,211
4/20/2009,170
3/14/2009,129
9/6/2016,126
5/6/2014,94
4/2/2017,141
3/15/2015,96
6/12/2008,15
3/14/2011,133
2/15/2013,91
1/25/2017,195
6/29/2012,113
4/14/2016,122
2/11/2020,229
7/15/2015,103
5/28/2013,103
4/28/2021,366
12/13/2012,99
2/7/2012,116
6/16/2009,141
7/31/2019,166
3/11/2018,138
2/10/2014,102
12/3/2017,133
10/22/2019,186
3/12/2014,134
8/5/2008,20
5/13/2017,95
7/10/2013,104
12/6/2020,285
6/13/2016,132
7/26/2015,105
11/5/2013,111
5/20/2009,113
11/27/2011,131
5/12/2012,116
3/5/2015,129
4/26/2007,14
10/6/2021,425
2/20/2015,99
10/27/2019,200
9/11/2016,120
8/3/2019,190
1/13/2013,125
6/27/2019,189
6/30/2018,121
3/30/2011,129
7/13/2019,186
2/28/2019,188
7/4/2010,95
3/29/2015,83
12/1/2013,117
6/27/2015,97
8/30/2016,150
4/15/2012,105
2/7/2009,44
5/17/2011,132
10/22/2020,278
1/5/2011,116
11/30/2010,79
10/4/2016,110
8/23/2009,87
3/4/2017,126
3/18/2010,81
10/13/2009,84
4/1/2012,104
12/26/2015,107
10/15/2016,117
12/7/2010,73
4/6/2011,123
7/16/2017,133
5/25/2010,118
7/8/2010,113
6/22/2014,105
7/29/2019,182
11/5/2008,22
5/25/2021,356
1/26/2009,51
5/22/2018,121
6/8/2014,100
11/15/2019,234
5/15/2015,102
8/27/2009,116
11/12/2015,82
1/17/2011,120
7/16/2010,110
8/20/2019,205
10/6/2018,113
10/1/2009,74
12/9/2012,94
12/16/2019,205
9/9/2013,111
5/5/2022,510
3/21/2013,120
8/29/2009,89
9/20/2019,209
9/4/2009,95
8/2/2010,83
1/7/2017,146
7/1/2019,193
9/4/2014,108
6/15/2016,111
12/3/2008,25
3/16/2017,102
6/24/2015,105
8/27/2017,127
9/29/2018,144
6/28/2011,125
1/2/2011,93
1/10/2011,90
11/24/2015,107
7/7/2011,144
6/30/2013,93
2/16/2019,190
5/18/2014,119
4/10/2011,107
12/5/2012,97
5/14/2018,135
3/8/2015,115
10/19/2013,99
10/7/2015,108
12/25/2013,98
9/27/2012,93
6/1/2018,138
11/2/2015,105
11/28/2015,94
5/18/2017,122
3/13/2013,149
2/22/2015,109
6/25/2012,106
12/29/2010,85
9/9/2015,103
4/16/2020,342
8/1/2013,91
2/6/2009,76
3/31/2009,156
8/10/2010,106
10/23/2014,86
1/1/2021,314
2/13/2012,116
1/30/2011,132
9/15/2020,285
2/14/2014,104
3/1/2019,162
10/8/2009,95
9/24/2010,107
9/22/2008,15
9/28/2012,103
5/21/2013,142
8/3/2011,118
8/8/2011,147
6/2/2011,118
3/10/2020,207
6/14/2011,145
8/4/2017,142
5/30/2010,102
2/25/2015,100
7/16/2016,156
4/30/2010,93
1/21/2012,151
7/6/2012,103
1/10/2020,256
11/30/2016,110
10/13/2020,262
1/25/2012,148
7/18/2016,139
12/30/2013,131
7/31/2018,135
12/10/2015,113
1/20/2018,165
5/25/2015,101
5/18/2018,112
4/12/2010,87
3/16/2021,320
8/30/2010,98
8/20/2018,144
2/10/2019,163
10/23/2008,31
5/28/2017,99
8/11/2020,304
2/27/2011,115
2/3/2011,133
10/12/2017,126
12/9/2015,116
5/6/2009,119
5/12/2019,181
12/22/2011,107
12/31/2011,91
6/29/2014,97
10/10/2011,128
10/18/2010,79
4/26/2013,110
4/8/2020,345
8/23/2014,136
1/16/2013,98
2/18/2010,105
9/9/2011,86
1/27/2010,127
10/25/2019,196
2/27/2020,214
1/17/2015,99
5/1/2010,83
4/28/2020,299
2/9/2010,98
1/6/2009,61
12/23/2021,454
1/23/2012,141
8/5/2018,129
8/21/2017,138
8/13/2020,321
8/19/2015,88
9/15/2011,133
5/30/2021,306
1/15/2015,96
3/6/2015,93
10/14/2016,123
8/21/2018,161
1/30/2017,172
12/9/2014,106
5/31/2018,149
11/22/2016,121
11/14/2021,429
2/2/2011,131
11/6/2009,85
4/7/2020,293
8/21/2009,101
11/23/2017,104
5/23/2019,176
12/17/2012,88
7/2/2013,93
2/11/2015,112
7/17/2015,108
3/6/2010,106
8/10/2012,132
9/29/2020,307
11/20/2016,119
11/19/2016,135
1/12/2010,110
4/19/2014,119
12/10/2019,178
11/18/2010,100
7/15/2021,324
5/7/2014,164
2/20/2017,103
8/12/2014,114
2/5/2013,125
3/20/2016,131
2/6/2019,172
11/26/2016,120
9/25/2018,164
4/23/2015,101
12/8/2019,192
10/21/2016,86
3/29/2014,99
1/20/2015,106
6/3/2014,127
9/23/2009,104
12/26/2012,96
10/11/2014,99
10/10/2016,121
3/11/2019,154
1/9/2013,123
2/1/2010,110
8/21/2019,188
6/23/2015,98
11/29/2020,243
2/23/2017,88
7/5/2010,86
5/12/2014,117
8/17/2010,104
2/25/2016,114
3/9/2018,114
10/26/2018,126
8/19/2014,117
9/25/2014,107
11/2/2018,144
11/20/2020,281
4/15/2018,142
7/15/2012,133
12/17/2020,293
8/9/2019,172
2/1/2015,108
9/30/2017,140
3/12/2012,114
9/1/2016,117
6/6/2012,127
12/17/2017,126
7/24/2019,184
12/9/2020,307
4/29/2016,112
9/24/2013,92
2/16/2015,115
8/30/2018,147
5/25/2012,118
4/10/2012,119
7/3/2013,104
5/10/2014,122
3/29/2013,110
5/4/2016,103
12/5/2011,115
5/2/2016,119
2/2/2010,73
10/13/2016,121
7/17/2013,111
12/24/2014,102
3/15/2014,118
2/15/2021,327
4/18/2015,125
6/24/2009,127
9/22/2016,107
5/12/2011,133
9/15/2019,155
5/15/2016,103
11/16/2016,137
9/26/2013,119
8/28/2012,118
3/7/2011,134
5/17/2012,122
2/29/2012,123
3/17/2018,137
3/26/2012,122
10/8/2013,137
7/18/2017,166
8/26/2011,114
12/27/2010,110
2/15/2010,88
7/24/2017,145
7/9/2015,93
11/22/2015,115
9/18/2011,124
8/26/2020,294
2/2/2013,123
11/8/2009,79
11/13/2015,97
10/18/2016,120
2/18/2014,100
11/5/2011,113
8/31/2015,102
6/17/2018,129
7/28/2014,86
4/23/2014,117
11/10/2010,70
2/7/2013,123
5/26/2011,141
2/11/2016,124
12/22/2018,146
2/23/2011,134
3/27/2015,105
8/27/2019,198
3/16/2011,146
4/3/2010,97
7/21/2014,81
9/9/2008,26
9/1/2012,122
5/10/2010,105
5/19/2012,105
9/13/2010,88
3/6/2014,109
12/11/2016,89
3/1/2016,110
3/3/2020,230
1/24/2011,144
10/31/2020,304
4/6/2009,145
4/11/2014,98
5/27/2017,113
3/6/2011,125
3/15/2016,96
6/30/2012,105
3/3/2016,129
6/2/2021,301
8/10/2013,93
7/17/2012,113
1/2/2010,85
5/2/2013,133
2/3/2021,347
9/26/2016,101
3/14/2017,115
5/26/2009,103
1/20/2017,198
8/18/2018,125
10/20/2018,118
2/18/2012,130
9/23/2013,112
11/21/2009,70
10/8/2019,198
6/20/2018,136
7/21/2020,314
10/19/2018,149
12/15/2017,109
9/7/2016,94
2/4/2013,125
1/6/2017,132
12/30/2019,210
6/16/2020,291
3/15/2018,102
4/11/2017,108
6/6/2019,169
5/21/2009,88
3/14/2019,190
6/9/2018,121
5/15/2011,123
11/13/2014,72
8/21/2014,112
4/16/2018,180
9/24/2012,118
3/18/2020,335
11/15/2011,121
12/2/2013,97
10/10/2013,105
9/16/2014,83
5/9/2013,112
1/25/2018,163
12/15/2021,489
7/9/2020,292
9/27/2020,291
10/18/2017,116
10/12/2009,74
12/10/2009,74
1/29/2009,64
9/13/2011,115
10/15/2015,107
10/4/2015,111
6/15/2012,98
7/17/2008,7
9/12/2019,183
2/27/2014,112
2/3/2016,97
2/4/2021,377
10/3/2013,127
2/16/2014,109
1/29/2017,171
3/24/2013,144
10/12/2012,106
3/16/2019,187
2/17/2018,111
12/4/2011,115
6/18/2018,156
7/5/2018,206
4/9/2013,117
8/31/2019,193
12/29/2011,147
5/9/2012,125
8/24/2017,135
6/25/2021,308
11/4/2015,95
7/12/2013,94
10/5/2013,100
3/9/2014,114
10/25/2020,309
6/16/2011,137
8/24/2014,114
8/16/2019,194
5/10/2016,115
8/9/2017,168
4/6/2013,122
12/25/2018,188
12/25/2010,53
11/8/2007,7
9/4/2012,102
4/26/2009,122
7/17/2016,140
10/13/2011,137
1/8/2020,330
9/6/2011,109
8/10/2021,382
11/19/2010,80
4/11/2019,149
8/22/2018,130
6/22/2015,106
4/7/2013,106
7/22/2018,146
6/1/2010,95
9/16/2016,109
11/7/2015,92
3/18/2012,118
9/18/2013,106
1/24/2020,202
3/15/2012,117
8/22/2012,109
2/27/2009,104
10/9/2012,123
11/3/2014,102
5/25/2017,108
10/20/2017,138
11/1/2012,94
9/2/2020,320
10/31/2014,101
10/17/2014,108
5/25/2007,6
3/4/2016,108
11/28/2016,104
6/11/2017,108
9/8/2017,123
1/27/2013,115
4/27/2017,93
3/11/2017,120
2/20/2018,128
12/6/2012,89
8/24/2011,140
1/17/2013,108
1/9/2009,35
7/9/2011,131
1/22/2018,134
2/26/2016,112
1/31/2017,156
1/13/2014,102
10/29/2014,129
11/5/2014,103
3/23/2010,92
10/3/2014,106
12/8/2016,105
10/16/2008,26
5/30/2011,125
12/5/2020,259
11/29/2017,137
11/29/2012,103
10/11/2018,127
8/14/2014,91
1/26/2013,105
9/17/2010,91
2/19/2018,141
6/11/2009,105
1/17/2016,111
8/8/2019,204
12/21/2009,69
3/26/2017,149
11/6/2016,107
8/3/2009,106
12/27/2016,119
3/22/2013,122
5/30/2017,103
7/28/2008,17
2/2/2009,64
7/13/2017,139
12/19/2010,74
6/1/2008,9
6/27/2018,140
2/13/2020,209
12/13/2014,88
9/6/2015,104
9/23/2010,103
10/9/2009,92
9/11/2011,101
11/11/2011,120
3/10/2009,92
10/21/2010,75
3/2/2014,134
9/12/2009,94
2/27/2016,111
4/15/2013,112
5/27/2013,116
2/5/2018,133
7/22/2012,90
12/17/2009,60
7/7/2014,103
11/20/2010,80
2/19/2016,87
2/23/2009,63
8/14/2013,131
10/16/2012,108
10/2/2013,102
1/12/2017,146
11/20/2018,159
11/16/2009,86
9/14/2012,114
12/21/2012,117
11/20/2011,102
7/12/2016,101
12/30/2015,95
2/14/2018,114
1/1/2016,105
4/29/2015,110
10/31/2018,144
6/18/2014,114
2/12/2012,155
11/14/2014,87
6/25/2018,137
3/5/2017,114
1/28/2015,96
7/3/2015,87
2/15/2018,102
6/28/2010,88
4/1/2011,151
6/13/2019,199
2/27/2017,130
2/16/2012,125
1/22/2010,120
10/30/2016,102
10/1/2010,96
7/16/2009,151
9/19/2014,79
8/19/2011,131
12/22/2017,124
10/3/2015,76
8/30/2014,84
6/15/2010,86
4/12/2013,98
12/22/2012,98
1/19/2016,101
1/26/2015,113
8/11/2013,99
6/8/2012,94
11/25/2010,73
6/3/2016,108
2/4/2020,240
7/10/2017,126
5/30/2009,86
5/10/2009,80
11/9/2019,216
9/23/2012,111
10/23/2009,73
10/24/2010,78
10/5/2014,86
12/23/2013,83
4/18/2010,112
7/18/2012,109
2/9/2017,151
4/18/2019,145
3/28/2011,121
12/19/2009,74
8/14/2016,104
9/13/2017,106
11/2/2009,75
1/19/2015,94
3/21/2016,129
9/12/2011,88
5/13/2014,113
5/1/2021,324
12/30/2009,82
6/27/2012,99
5/7/2019,163
9/5/2016,122
10/14/2018,149
2/20/2019,181
3/14/2014,123
2/5/2009,79
1/4/2008,1
5/6/2013,88
6/10/2010,132
7/7/2009,138
11/20/2008,28
8/14/2018,126
7/12/2018,147
9/5/2010,94
9/3/2008,20
4/5/2013,104
10/6/2015,97
11/28/2011,111
4/20/2013,105
6/18/2019,198
1/27/2016,104
5/3/2019,150
7/21/2013,115
3/16/2016,114
4/8/2017,94
4/22/2011,129
8/18/2007,2
8/11/2018,133
9/28/2018,128
4/9/2019,161
6/17/2014,133
2/11/2013,104
12/22/2008,23
2/2/2017,130
5/26/2018,190
7/28/2010,86
1/13/2009,50
7/10/2009,113
4/12/2009,90
11/17/2015,100
2/8/2020,221
9/18/2015,98
3/21/2009,92
10/16/2015,103
3/26/2009,133
12/22/2015,116
9/16/2013,117
2/9/2012,145
10/26/2012,96
6/20/2010,93
6/26/2017,119
1/30/2015,129
12/24/2017,107
10/5/2010,89
12/8/2018,159
5/2/2012,108
9/16/2010,91
5/10/2015,119
1/30/2012,119
8/26/2015,106
5/8/2015,95
7/22/2015,100
6/12/2020,283
4/3/2012,121
8/11/2021,348
2/21/2015,135
6/8/2016,109
8/4/2010,86
3/31/2014,129
5/7/2017,119
12/13/2006,3
12/29/2019,228
12/10/2018,183
9/16/2019,183
5/7/2009,107
4/26/2012,159
3/27/2020,360
12/21/2011,118
7/17/2009,105
5/16/2013,117
4/5/2019,187
6/3/2010,140
7/12/2010,103
3/1/2011,125
5/19/2009,133
4/27/2012,120
3/28/2017,115
3/21/2019,158
3/24/2019,159
5/28/2014,129
1/1/2011,62
12/11/2018,191
4/29/2017,122
11/27/2008,39
9/11/2012,109
7/26/2017,148
10/14/2009,82
6/25/2013,141
5/15/2018,142
8/21/2010,86
5/1/2015,98
10/8/2015,121
3/29/2012,109
11/8/2016,97
10/3/2017,133
12/2/2014,135
3/21/2018,130
3/13/2020,252
6/16/2014,94
1/25/2014,140
1/28/2016,126
4/14/2019,184
3/2/2018,120
12/8/2014,103
4/20/2015,95
9/7/2018,150
5/1/2011,109
4/20/2017,115
2/28/2017,114
4/28/2009,164
8/24/2018,127
11/12/2011,118
3/16/2014,135
5/9/2016,97
9/28/2009,93
11/24/2012,106
7/5/2009,91
7/10/2014,111
1/2/2020,246
11/25/2016,98
6/11/2019,195
10/6/2009,88
2/16/2020,223
4/16/2011,94
10/25/2017,136
6/2/2009,115
11/30/2019,168
9/7/2017,140
9/3/2021,393
3/16/2020,316
2/4/2010,108
1/22/2009,58
11/6/2022,3166
12/31/2013,87
4/25/2011,113
11/18/2016,106
12/14/2019,207
2/24/2015,93
3/28/2016,107
12/23/2011,132
2/26/2011,118
6/30/2014,127
7/12/2012,123
12/4/2009,70
8/24/2009,103
7/23/2008,20
2/18/2020,217
10/27/2020,345
9/23/2008,14
5/9/2011,114
6/21/2021,296
8/25/2008,35
5/8/2014,147
4/1/2014,117
8/2/2017,135
11/11/2009,115
12/4/2013,82
11/28/2008,31
9/7/2013,112
11/9/2009,71
1/8/2016,123
11/3/2019,189
4/2/2014,123
7/10/2007,6
10/30/2013,94
1/8/2014,109
8/18/2016,100
12/27/2013,88
3/20/2015,100
8/8/2009,95
6/25/2014,141
11/27/2017,136
9/8/2013,122
3/2/2019,200
3/8/2012,109
9/5/2018,142
4/8/2009,143
8/28/2013,105
10/1/2014,98
7/6/2013,112
7/18/2010,107
12/18/2012,96
8/7/2010,65
4/6/2012,108
1/18/2013,116
4/25/2009,123
7/19/2007,7
3/3/2017,103
11/3/2009,64
1/13/2015,99
9/2/2012,124
5/11/2018,105
9/12/2017,142
5/4/2012,110
12/19/2012,120
11/4/2010,89
5/23/2008,12
4/27/2010,79
3/19/2011,137
3/25/2016,117
11/22/2019,248
8/15/2007,7
12/21/2010,101
10/4/2014,94
6/17/2012,104
9/28/2010,92
12/1/2012,96
7/12/2019,136
7/30/2014,95
10/3/2012,96
6/22/2016,141
12/19/2017,117
12/14/2012,143
10/18/2018,160
3/10/2012,119
3/17/2019,187
4/12/2012,114
1/8/2008,8
6/10/2012,108
6/19/2019,208
8/6/2015,83
4/12/2018,135
9/2/2009,108
1/26/2016,139
5/4/2015,96
11/18/2009,88
12/7/2009,73
8/18/2012,106
10/30/2009,78
1/13/2010,104
4/29/2012,117
10/15/2008,32
4/16/2019,167
6/20/2017,120
6/2/2019,191
1/28/2019,165
2/10/2013,110
2/20/2011,83
7/30/2016,124
9/25/2019,180
9/2/2013,96
6/7/2013,133
8/5/2017,102
7/4/2013,115
2/11/2014,108
1/16/2012,146
10/28/2019,184
11/9/2015,94
2/25/2017,104
2/18/2013,107
10/15/2011,135
12/13/2007,6
3/11/2015,102
4/17/2011,103
12/5/2014,97
2/3/2020,245
9/9/2009,91
3/28/2015,132
3/26/2019,161
12/14/2017,113
5/13/2013,103
7/7/2018,116
5/15/2009,118
6/22/2012,119
8/4/2012,94
6/10/2011,120
11/11/2017,135
3/17/2014,108
10/17/2012,128
10/29/2013,87
10/20/2016,107
4/29/2014,116
6/24/2018,130
2/27/2013,110
11/21/2008,21
5/11/2009,94
2/4/2014,114
6/18/2020,350
10/26/2014,96
3/22/2008,9
4/15/2016,107
7/3/2014,102
3/8/2013,118
11/7/2012,125
2/19/2012,141
9/5/2015,93
9/30/2016,145
1/29/2012,144
12/24/2010,72
2/20/2021,367
5/24/2013,111
6/9/2017,138
2/10/2012,113
7/20/2015,111
4/23/2012,116
7/3/2017,113
1/11/2012,122
8/2/2019,188
6/7/2015,100
6/15/2015,100
8/9/2012,98
6/2/2017,101
6/16/2012,98
10/18/2009,65
8/14/2008,21
4/20/2014,105
1/23/2016,120
12/17/2010,71
5/18/2012,98
8/10/2009,102
8/18/2017,153
9/3/2017,105
12/24/2012,98
3/26/2014,120
10/29/2016,123
5/8/2016,105
5/18/2015,122
2/15/2012,128
1/15/2012,155
6/30/2015,104
7/20/2009,123
11/10/2014,96
9/18/2014,109
9/5/2020,282
8/2/2014,113
10/3/2019,163
7/14/2014,98
5/21/2019,157
6/6/2011,123
1/9/2010,90
8/28/2017,121
3/7/2015,126
1/15/2009,53
9/10/2010,80
11/10/2018,148
8/23/2010,85
12/31/2015,85
5/9/2018,150
2/26/2014,109
3/24/2008,10
7/31/2014,78
4/1/2018,166
4/21/2014,84
10/29/2018,144
1/11/2020,255
4/6/2016,96
7/17/2010,74
2/28/2018,124
4/30/2007,5
9/11/2014,84
1/26/2012,143
7/29/2013,126
2/27/2010,100
6/18/2013,142
5/22/2013,103
9/24/2014,104
9/22/2015,112
9/19/2011,110
6/6/2018,122
1/16/2017,139
8/21/2012,114
8/5/2014,100
8/3/2013,111
10/29/2015,92
4/24/2013,101
9/13/2013,91
10/2/2017,115
5/25/2014,110
12/29/2016,133
4/3/2008,8
10/13/2014,113
3/12/2015,87
6/5/2016,107
4/9/2016,135
12/25/2016,95
3/13/2012,117
12/20/2017,139
1/13/2016,110
4/8/2014,107
6/29/2015,117
7/27/2015,77
7/11/2013,100
9/20/2017,141
12/4/2012,90
3/20/2017,137
1/7/2018,163
5/10/2012,105
12/9/2013,109
2/22/2020,258
12/4/2019,191
11/5/2022,3563
3/23/2015,91
5/24/2015,98
12/2/2011,116
7/20/2011,124
5/24/2011,117
4/2/2011,114
10/26/2009,90
12/3/2018,265
2/22/2009,65
11/7/2022,13324
9/1/2011,108
11/24/2009,78
1/17/2010,97
10/14/2010,85
2/17/2016,86
2/4/2015,119
10/13/2012,92
9/27/2014,94
5/12/2018,119
7/11/2019,178
11/25/2019,175
5/28/2019,150
1/23/2011,89
3/21/2014,128
4/15/2019,144
1/27/2020,246
11/30/2012,101
11/29/2009,67
4/3/2014,129
2/3/2009,56
5/19/2013,137
10/15/2013,119
1/27/2017,165
1/21/2015,120
2/24/2012,140
8/20/2013,94
10/19/2010,85
5/4/2017,131
2/24/2018,130
11/20/2014,113
1/29/2018,116
1/14/2014,96
11/27/2016,101
8/28/2016,104
9/17/2009,95
12/7/2008,21
4/19/2007,6
12/26/2008,17
5/20/2013,130
10/30/2008,23
8/7/2012,110
10/9/2015,112
10/2/2014,111
2/19/2009,86
12/20/2011,146
3/3/2009,111
4/19/2012,117
8/27/2010,95
1/1/2014,101
6/4/2018,125
9/13/2014,97
5/28/2007,3
3/2/2015,98
10/23/2010,69
4/19/2016,113
3/30/2017,128
10/14/2011,120
8/15/2014,131
1/12/2020,281
4/30/2016,86
12/28/2020,330
7/9/2010,102
10/19/2009,86
8/14/2010,100
6/6/2014,105
7/3/2010,81
7/2/2011,125
6/11/2013,150
1/21/2017,195
3/17/2013,154
11/5/2017,150
12/30/2010,95
11/18/2013,91
4/5/2009,96
7/24/2020,288
5/3/2012,96
9/2/2018,151
7/16/2020,291
11/1/2011,127
1/4/2013,120
8/8/2015,85
9/2/2017,120
9/16/2017,119
6/4/2017,131
10/2/2011,82
3/27/2013,115
4/4/2014,108
2/8/2016,101
12/15/2016,101
11/16/2017,86
10/6/2010,91
10/9/2008,16
3/4/2010,174
7/21/2011,122
12/28/2011,122
1/11/2017,144
4/19/2015,110
9/6/2017,118
3/13/2010,107
6/13/2013,101
11/18/2017,136
10/12/2018,124
6/11/2015,80
5/18/2016,83
1/25/2010,109
7/24/2015,112
7/19/2019,183
5/29/2012,124
2/4/2016,110
6/8/2013,120
8/23/2019,167
7/30/2015,122
6/13/2014,101
9/25/2010,87
7/30/2010,114
11/23/2013,102
5/1/2012,119
10/11/2009,81
6/16/2016,91
9/30/2012,102
2/7/2020,223
5/26/2016,118
2/25/2013,132
8/27/2012,109
12/3/2010,96
5/22/2016,123
1/21/2011,90
2/27/2008,19
11/22/2011,119
1/2/2016,105
5/5/2012,107
3/6/2013,110
2/13/2014,117
9/15/2008,7
9/9/2019,167
3/30/2019,174
1/12/2009,34
8/1/2015,90
8/9/2018,154
8/20/2012,111
4/8/2013,102
5/20/2012,119
10/11/2013,103
11/25/2017,113
11/16/2012,110
6/2/2018,135
6/1/2009,100
3/30/2018,125
5/24/2008,8
12/1/2010,88
6/28/2013,106
6/20/2015,93
2/21/2017,122
2/26/2013,121
6/25/2016,114
1/21/2016,105
9/22/2009,99
10/17/2013,100
7/20/2010,82
10/4/2010,99
1/16/2015,115
2/22/2013,122
10/14/2012,98
6/1/2019,148
5/21/2014,115
2/20/2020,217
7/29/2014,107
7/2/2015,112
10/1/2018,181
2/12/2018,121
2/13/2009,74
12/3/2015,98
4/1/2016,133
5/31/2011,128
1/21/2019,149
3/10/2016,109
10/14/2013,112
3/14/2010,69
7/23/2015,115
6/11/2008,12
4/17/2007,10
4/16/2021,347
7/28/2011,153
12/27/2011,141
11/19/2014,70
9/6/2013,124
3/20/2013,97
1/20/2016,106
10/25/2009,77
11/14/2010,80
1/19/2013,106
9/8/2012,102
9/15/2016,133
11/8/2008,14
9/24/2015,79
6/26/2019,163
1/9/2012,146
7/3/2007,5
3/18/2016,120
2/24/2011,111
6/30/2016,95
7/7/2015,96
8/2/2007,5
5/31/2017,119
1/4/2015,124
12/6/2009,78
8/9/2009,67
8/22/2015,100
7/13/2012,119
10/27/2010,94
12/13/2008,18
11/16/2014,118
6/29/2019,188
10/25/2012,116
5/6/2011,113
8/29/2012,117
6/28/2017,135
10/3/2018,153
12/26/2014,101
8/22/2009,98
4/28/2019,154
11/19/2017,143
12/15/2011,115
2/1/2011,122
2/2/2018,119
4/25/2016,100
10/21/2020,295
1/18/2016,101
5/7/2011,116
6/2/2012,96
8/25/2009,95
12/21/2014,90
7/10/2015,73
3/8/2010,89
11/9/2014,114
3/25/2013,123
11/12/2009,81
11/11/2010,91
5/10/2017,103
9/11/2013,101
5/23/2010,105
8/16/2017,143
3/22/2015,104
3/16/2012,121
2/16/2018,139
7/16/2012,128
4/3/2011,120
4/10/2007,13
7/13/2015,114
8/14/2015,92
1/14/2009,49
2/28/2010,85
6/10/2014,125
8/29/2021,403
2/12/2009,89
1/27/2012,140
8/24/2015,93
8/15/2011,120
8/17/2007,5
2/15/2015,111
11/1/2014,98
12/15/2012,102
4/17/2018,116
5/28/2009,87
12/28/2009,82
4/21/2016,87
8/12/2015,106
5/8/2017,113
7/19/2009,94
5/3/2010,83
9/23/2011,112
12/17/2016,103
4/13/2015,105
12/5/2009,60
5/17/2019,157
6/4/2011,114
9/30/2014,103
9/1/2013,132
4/4/2010,64
1/16/2009,57
12/20/2016,111
4/29/2009,140
8/17/2015,124
1/21/2009,45
8/7/2011,132
5/27/2014,108
1/19/2012,131
8/2/2011,118
3/3/2015,97
6/26/2011,142
2/5/2017,138
5/16/2014,117
10/27/2009,77
6/12/2011,121
9/23/2015,111
10/12/2016,94
3/22/2016,135
3/19/2019,163
10/12/2011,120
2/6/2016,108
4/30/2013,112
8/5/2011,122
10/25/2010,84
4/5/2016,97
12/15/2014,108
10/16/2011,132
5/9/2019,129
3/25/2009,148
6/10/2015,94
8/11/2010,103
12/16/2013,90
1/15/2017,135
6/12/2014,116
7/21/2015,109
5/14/2015,68
4/1/2009,110
3/14/2012,145
9/9/2016,106
2/13/2021,317
7/30/2009,120
9/10/2009,91
12/29/2015,93
3/1/2008,7
10/24/2018,157
1/19/2017,134
3/20/2012,133
12/20/2014,89
10/5/2018,134
11/17/2009,83
10/13/2017,117
4/10/2008,15
4/27/2015,70
6/3/2015,92
8/3/2010,100
4/10/2014,81
4/29/2011,109
4/4/2016,136
10/28/2015,74
6/12/2012,123
3/12/2013,140
9/24/2008,20
8/27/2015,104
6/19/2013,112
3/12/2009,141
4/3/2013,130
12/29/2009,82
8/3/2016,112
4/21/2012,109
2/9/2018,107
10/28/2016,126
11/1/2010,78
11/20/2009,83
7/18/2011,96
8/8/2014,115
5/27/2015,72
4/20/2011,136
1/10/2013,114
2/8/2009,53
12/1/2011,124
3/31/2018,145
8/13/2014,109
5/13/2016,111
9/18/2018,155
6/8/2008,6
1/6/2018,161
9/13/2016,124
6/15/2013,130
4/17/2010,112
2/21/2009,92
9/1/2017,133
9/28/2014,94
11/3/2011,106
9/14/2018,153
7/12/2017,188
1/8/2009,54
9/1/2008,18
1/31/2010,82
8/7/2014,111
7/26/2010,98
10/7/2008,19
6/30/2010,98
7/1/2017,144
3/5/2011,119
7/25/2012,130
12/8/2009,82
12/14/2009,65
3/13/2014,106
4/16/2010,190
6/14/2009,97
5/5/2011,141
7/7/2016,127
2/21/2008,10
11/29/2014,85
12/12/2012,113
4/10/2016,116
2/23/2015,103
2/28/2013,122
1/27/2015,100
7/9/2012,96
9/12/2008,22
11/14/2013,105
4/3/2015,110
11/15/2013,107
1/16/2014,100
12/2/2018,163
4/3/2017,107
11/21/2010,85
7/24/2010,85
5/10/2011,139
8/12/2012,139
7/14/2010,103
4/26/2011,103
2/14/2011,108
6/1/2011,130
4/13/2009,114
5/14/2014,109
4/14/2013,113
10/8/2012,117
8/6/2016,113
7/27/2014,99
6/2/2015,91
10/5/2015,98
10/28/2009,87
10/18/2014,73
11/27/2020,297
4/24/2011,104
10/27/2017,105
1/13/2018,163
9/26/2009,83
3/19/2010,91
5/25/2013,107
10/21/2014,101
6/12/2019,177
5/9/2009,100
10/19/2014,104
3/9/2011,133
5/20/2018,141
3/19/2014,92
9/23/2016,117
9/30/2015,102
8/6/2012,104
12/1/2018,174
12/5/2010,65
11/3/2012,114
7/26/2019,198
3/27/2009,144
10/15/2014,106
10/12/2020,289
12/17/2007,7
6/28/2016,84
5/21/2018,139
3/22/2012,125
11/28/2014,81
8/27/2014,103
4/23/2017,111
6/14/2007,4
2/17/2015,121
6/27/2017,135
4/21/2013,148
12/5/2013,84
5/21/2012,136
6/22/2011,169
1/25/2009,45
7/13/2011,99
3/3/2014,138
7/11/2012,106
7/22/2017,123
7/19/2008,8
1/31/2015,110
11/28/2009,87
12/29/2012,82
9/21/2010,80
10/27/2012,100
1/7/2016,96
4/21/2011,91
4/28/2013,104
4/10/2013,102
7/19/2011,115
9/21/2017,119
8/3/2007,3
11/17/2013,119
8/31/2011,103
6/28/2009,128
9/7/2009,96
4/28/2014,111
11/28/2012,124
11/11/2016,118
7/23/2011,120
4/19/2019,180
7/4/2014,100
4/11/2012,144
3/6/2012,132
12/4/2015,84
1/5/2018,177
1/15/2011,95
7/15/2016,116
10/21/2011,110
2/19/2015,104
8/1/2007,4
9/11/2009,78
4/18/2012,116
3/30/2014,89
7/11/2018,123
8/13/2013,134
2/8/2010,88
9/2/2010,103
1/24/2010,86
10/18/2015,83
9/8/2016,105
5/31/2012,98
9/18/2009,87
11/15/2010,104
7/2/2017,125
8/13/2010,87
6/20/2009,177
2/28/2012,118
6/30/2011,116
8/4/2015,100
3/14/2015,135
4/8/2008,18
3/9/2016,144
10/2/2008,20
11/6/2011,139
7/11/2014,119
9/5/2011,111
6/9/2008,14
2/28/2009,86
10/4/2009,73
2/12/2015,102
1/30/2014,110
8/16/2013,110
8/4/2014,94
5/29/2009,97
5/4/2014,100
4/24/2017,83
11/11/2013,137
2/23/2014,127
3/15/2013,105
5/5/2013,110
11/8/2012,135
6/20/2016,132
12/16/2014,92
10/26/2013,90
1/11/2013,126
1/31/2013,114
11/15/2008,16
3/4/2015,94
2/8/2008,10
1/10/2016,115
9/24/2007,3
1/11/2010,104
1/3/2013,138
9/3/2007,1
11/26/2015,115
10/16/2009,85
12/3/2012,106
3/4/2009,116
3/24/2016,105
11/6/2014,89
9/20/2010,90
4/25/2013,128
1/12/2011,105
11/19/2015,113
10/18/2012,109
6/4/2009,93
7/17/2014,108
5/24/2009,81
1/7/2013,129
4/28/2017,112
3/6/2017,111
10/2/2010,90
1/3/2015,84
3/27/2016,99
5/2/2018,112
6/28/2012,140
6/9/2016,123
1/1/2017,111
8/13/2012,119
6/23/2016,113
10/10/2012,121
5/27/2016,94
9/27/2019,181
11/27/2013,100
6/11/2012,86
11/7/2011,134
3/16/2007,12
1/3/2010,74
1/2/2007,3
9/6/2009,74
9/16/2018,137
9/12/2007,5
6/6/2008,10
10/18/2008,13
2/13/2018,128
12/19/2011,129
11/10/2012,104
4/11/2016,91
8/5/2019,185
9/25/2008,17
3/22/2018,133
2/11/2012,129
11/29/2015,101
7/16/2011,102
12/8/2008,27
1/15/2014,90
7/23/2012,128
11/3/2016,101
12/20/2009,68
10/24/2013,103
9/21/2014,88
6/25/2017,116
12/18/2015,105
3/13/2008,8
10/6/2013,110
8/17/2017,167
3/10/2008,12
12/16/2012,88
11/21/2007,6
10/31/2013,100
12/26/2017,134
4/25/2014,88
10/15/2010,64
1/30/2020,222
3/17/2010,73
8/15/2012,149
5/23/2012,124
4/1/2010,100
2/18/2017,118
3/19/2016,82
7/3/2011,107
4/17/2014,80
2/5/2016,90
12/6/2015,93
1/29/2008,11
1/30/2013,106
5/17/2014,101
4/30/2008,25
1/6/2015,117
3/31/2016,135
2/20/2009,74
4/16/2017,87
7/25/2013,116
7/18/2013,96
3/2/2016,104
10/6/2016,95
4/20/2016,118
8/8/2012,127
11/5/2010,82
8/23/2016,111
6/18/2009,234
6/21/2010,88
9/8/2009,71
7/27/2009,78
2/15/2014,93
6/8/2017,130
12/29/2017,141
3/1/2014,92
11/26/2014,79
8/23/2015,122
6/5/2017,128
9/22/2014,87
4/26/2019,143
9/15/2014,88
8/9/2014,99
7/6/2009,131
3/17/2015,105
8/7/2016,92
11/13/2012,89
1/17/2019,176
8/23/2007,3
1/18/2015,88
8/19/2018,142
8/18/2010,112
2/20/2013,97
10/19/2012,82
8/9/2011,159
11/17/2010,84
11/1/2009,61
4/29/2013,124
6/23/2007,3
5/11/2014,112
6/27/2016,127
11/8/2015,106
12/14/2008,20
3/29/2016,123
2/16/2009,94
9/22/2018,150
1/5/2015,109
8/21/2008,23
4/22/2015,114
10/24/2008,21
6/10/2007,10
1/31/2009,29
12/30/2007,3
7/12/2008,16
5/12/2010,113
9/12/2018,135
6/13/2015,109
9/20/2016,105
5/14/2017,95
8/28/2008,18
11/3/2007,4
6/5/2008,6
5/18/2008,15
11/20/2015,101
8/19/2019,152
3/28/2014,90
2/17/2009,91
9/14/2014,117
5/29/2015,86
1/23/2013,116
9/11/2018,155
9/7/2012,111
6/27/2014,92
9/29/2012,129
8/3/2015,103
8/11/2016,98
6/20/2008,8
6/29/2011,163
4/3/2016,112
11/28/2010,61
5/13/2010,103
7/11/2015,104
12/1/2008,31
7/31/2010,93
12/7/2013,99
4/8/2012,108
9/5/2009,88
7/6/2014,110
11/19/2008,23
3/4/2013,100
11/9/2008,17
6/10/2013,108
12/31/2019,221
11/17/2018,134
12/15/2009,75
3/23/2008,6
5/3/2009,112
5/22/2008,17
9/21/2016,100
8/30/2019,185
6/17/2013,116
11/14/2009,55
10/27/2013,108
11/24/2011,119
2/11/2009,73
8/26/2009,116
8/7/2008,16
11/4/2007,1
12/19/2014,99
8/26/2010,112
3/4/2018,129
5/5/2010,108
12/1/2009,69
5/9/2007,12
4/30/2014,99
4/10/2017,120
2/26/2015,100
7/26/2014,90
4/19/2013,124
6/3/2011,120
12/18/2008,30
5/14/2009,110
2/19/2011,115
10/6/2017,144
8/24/2012,114
1/5/2013,113
4/22/2008,15
2/9/2014,103
7/12/2007,3
3/3/2011,120
5/19/2008,14
10/23/2016,97
11/1/2007,2
3/29/2008,11
6/30/2007,2
4/17/2012,106
1/25/2015,129
2/2/2016,112
5/5/2007,2
5/16/2007,6
3/18/2008,11
5/27/2009,111
9/5/2008,14
4/4/2018,124
9/20/2014,76
5/25/2008,9
4/10/2018,128
11/15/2009,68
9/8/2014,94
1/30/2010,81
8/20/2014,156
4/7/2007,3
11/29/2019,194
8/18/2008,10
12/26/2011,126
12/14/2016,100
11/30/2009,78
6/4/2015,96
7/18/2014,97
2/20/2016,107
9/28/2013,133
11/10/2008,29
2/24/2009,100
7/27/2016,108
11/28/2013,92
2/11/2008,7
9/6/2012,109
6/7/2016,104
10/20/2008,23
12/31/2010,96
9/19/2016,98
10/3/2010,74
2/22/2017,103
9/7/2008,14
6/29/2007,6
11/8/2011,92
7/24/2011,108
2/6/2013,113
10/7/2010,74
7/24/2016,137
8/2/2008,7
10/5/2016,124
1/1/2013,125
5/26/2017,110
7/20/2007,4
2/26/2009,113
1/30/2009,50
12/9/2009,75
9/14/2013,110
2/19/2008,5
5/17/2013,83
10/10/2008,15
12/9/2017,127
10/4/2019,175
11/18/2011,123
8/12/2016,98
9/20/2013,111
8/27/2008,15
9/20/2008,14
2/5/2008,13
9/16/2008,15
8/23/2012,111
6/9/2019,195
2/19/2010,77
12/23/2015,98
1/22/2016,91
5/31/2008,9
5/6/2007,7
11/26/2017,134
12/27/2008,11
11/26/2009,63
9/22/2017,115
2/6/2011,117
10/3/2007,1
8/18/2013,106
11/25/2009,99
10/22/2009,86
1/20/2011,98
2/12/2016,93
9/18/2007,7
3/4/2008,8
1/10/2009,30
6/10/2008,17
10/30/2010,75
2/23/2013,118
7/10/2012,97
1/7/2008,9
8/5/2015,101
9/4/2013,99
2/18/2008,5
5/18/2011,137
6/28/2014,95
1/5/2008,6
12/11/2008,29
7/13/2009,147
12/5/2008,42
3/2/2009,80
8/22/2008,9
12/25/2008,20
2/19/2017,121
10/23/2012,115
8/27/2007,5
4/4/2017,116
12/17/2008,37
11/27/2009,54
5/14/2008,11
11/30/2015,112
12/14/2010,84
1/5/2010,102
5/30/2007,6
2/6/2008,14
10/11/2010,70
9/25/2015,103
6/26/2010,91
12/13/2013,77
2/4/2017,135
9/2/2008,10
12/10/2010,96
12/23/2010,78
9/2/2007,3
12/15/2008,21
10/15/2007,3
8/14/2007,6
1/5/2009,22
2/7/2018,114
7/18/2007,3
11/8/2014,107
9/5/2007,5
11/6/2008,18
6/15/2017,123
11/25/2013,97
10/4/2008,11
8/29/2008,13
6/17/2008,11
9/7/2007,1
7/8/2018,133
11/18/2012,87
6/2/2008,11
7/29/2012,88
5/11/2008,11
4/13/2008,8
11/27/2018,116
5/15/2008,20
1/15/2013,108
1/19/2009,51
8/15/2008,18
2/25/2010,95
5/11/2007,7
10/4/2017,124
12/24/2016,85
12/6/2008,16
10/20/2014,105
2/2/2012,108
3/28/2007,12
1/1/2009,29
8/16/2008,11
1/23/2008,8
4/13/2007,3
9/26/2008,21
3/11/2008,12
4/25/2008,22
3/23/2007,10
3/12/2008,6
4/4/2008,11
8/26/2008,12
5/7/2015,86
3/29/2007,19
1/3/2009,23
4/18/2011,108
5/8/2007,12
10/13/2008,18
7/15/2011,120
7/31/2008,15
7/26/2008,9
12/24/2007,4
7/8/2008,14
5/13/2008,16
12/25/2007,2
4/5/2007,5
1/14/2016,113
7/25/2008,15
9/28/2007,1
6/7/2008,17
6/3/2008,11
5/14/2007,5
7/22/2008,22
8/13/2008,9
12/28/2007,4
4/20/2008,12
12/31/2008,22
9/10/2008,26
6/1/2007,4
6/26/2008,10
6/9/2007,8
5/17/2009,85
10/4/2007,3
1/21/2008,6
8/19/2008,13
8/8/2010,79
5/29/2007,3
2/14/2010,64
2/12/2008,5
9/12/2015,101
2/25/2008,4
1/20/2009,43
11/25/2008,33
4/23/2008,24
5/30/2008,8
5/17/2008,8
7/6/2008,9
12/2/2008,35
12/20/2008,17
9/21/2012,137
7/25/2014,83
10/1/2008,11
9/13/2008,20
12/27/2009,79
8/11/2007,2
12/29/2008,22
2/8/2011,119
7/14/2008,13
2/21/2010,76
4/11/2008,8
8/1/2008,15
12/30/2008,31
10/10/2009,63
11/15/2007,5
11/14/2008,16
5/9/2008,7
10/29/2008,26
12/8/2007,2
5/26/2008,14
12/6/2007,7
11/9/2007,5
5/12/2007,2
6/16/2008,16
8/9/2007,8
10/28/2008,28
6/13/2008,6
10/17/2008,13
4/27/2008,16
3/7/2007,4
12/10/2007,7
12/11/2007,10
3/14/2008,13
12/12/2008,38
9/27/2008,12
5/16/2008,18
10/12/2008,13
7/24/2008,16
11/21/2012,82
10/20/2009,97
1/24/2009,39
11/3/2008,25
8/25/2012,116
3/16/2008,4
4/21/2008,14
3/9/2008,6
6/14/2008,9
2/12/2014,122
10/25/2008,16
9/28/2008,16
2/20/2008,6
8/6/2007,2
9/30/2008,15
5/8/2008,13
4/12/2007,9
11/23/2010,104
1/28/2009,45
9/11/2008,14
1/17/2009,27
6/20/2007,4
7/23/2007,2
11/5/2007,2
12/21/2007,8
6/15/2008,8
2/7/2008,7
7/9/2007,2
1/22/2008,6
1/4/2009,28
12/4/2008,31
1/6/2008,8
5/7/2008,12
7/5/2008,7
7/2/2008,13
7/31/2007,7
1/12/2008,4
2/7/2016,95
4/28/2007,5
4/4/2007,7
9/14/2008,11
4/8/2007,9
5/1/2008,14
11/4/2008,30
8/16/2007,5
9/4/2008,26
4/1/2007,8
5/2/2007,7
4/24/2008,18
9/23/2007,7
10/10/2007,5
4/17/2008,12
3/26/2008,14
5/4/2007,5
10/22/2008,27
10/31/2008,13
7/13/2007,4
7/18/2008,17
9/29/2008,16
5/26/2007,3
11/7/2008,14
7/27/2007,3
7/13/2008,7
8/10/2008,4
5/17/2007,3
11/11/2007,10
5/6/2008,34
3/12/2007,11
6/4/2008,6
7/16/2006,3
2/23/2008,5
4/1/2008,9
4/21/2007,11
6/30/2008,5
11/18/2008,21
6/11/2007,7
12/10/2008,30
7/11/2008,14
1/2/2009,27
12/16/2007,4
9/8/2008,24
8/7/2007,11
4/23/2007,8
1/26/2008,4
9/26/2007,4
10/27/2008,21
11/22/2008,14
3/14/2007,5
12/27/2007,5
11/23/2008,9
11/16/2008,16
12/16/2008,24
4/2/2008,14
11/16/2007,1
3/25/2007,8
4/7/2008,12
2/15/2008,3
5/7/2007,4
3/30/2007,3
1/11/2008,5
8/21/2007,5
4/11/2007,9
6/5/2007,6
11/29/2007,8
10/14/2007,3
11/30/2008,13
3/20/2007,12
7/16/2008,12
3/24/2007,7
11/24/2007,3
6/18/2008,20
12/23/2008,17
2/3/2008,3
4/16/2008,13
7/25/2007,3
3/27/2008,7
7/6/2007,4
9/18/2008,16
1/18/2008,9
12/21/2008,21
9/15/2007,4
6/19/2008,13
11/11/2008,22
3/28/2008,9
1/1/1970,1
10/24/2007,7
12/26/2007,2
10/11/2007,5
7/29/2008,13
1/27/2008,5
7/15/2008,12
5/29/2008,15
10/13/2007,5
7/20/2006,3
6/25/2007,5
9/11/2007,6
10/21/2008,19
6/21/2008,9
5/28/2008,11
3/30/2008,3
4/24/2007,7
12/5/2007,3
8/30/2008,7
6/17/2007,2
1/1/2008,5
3/31/2007,6
11/18/2007,3
7/26/2007,2
10/6/2008,7
2/6/2007,3
7/16/2007,5
7/5/2007,5
10/31/2007,5
10/5/2008,12
7/1/2008,6
2/4/2008,3
10/6/2007,1
8/30/2007,5
6/27/2008,18
11/13/2007,3
10/16/2007,6
6/24/2007,2
8/3/2008,7
7/27/2008,13
6/28/2008,5
12/19/2007,11
8/4/2008,14
10/19/2007,4
2/13/2008,6
6/21/2007,4
5/4/2008,8
6/18/2007,1
8/24/2008,12
11/29/2006,1
7/15/2007,1
5/2/2008,9
11/1/2008,15
6/24/2008,18
5/20/2006,1
7/21/2007,2
2/12/2007,3
9/22/2007,5
5/12/2008,11
8/13/2007,5
6/29/2008,13
6/23/2008,10
1/9/2008,4
12/12/2007,8
2/29/2008,4
3/5/2008,6
3/8/2008,13
8/4/2007,4
2/9/2008,3
2/27/2007,3
3/6/2007,1
1/24/2007,2
3/9/2007,1
1/17/2008,7
11/2/2008,16
6/15/2007,4
1/28/2008,6
7/9/2008,7
7/21/2008,20
5/27/2008,18
8/20/2008,13
1/3/2008,5
11/7/2007,3
9/17/2007,8
11/29/2008,17
3/15/2007,5
11/27/2007,3
11/2/2007,6
7/4/2008,6
8/24/2007,3
10/19/2008,11
3/13/2007,4
4/27/2007,6
9/1/2007,4
10/9/2007,3
4/9/2007,7
7/28/2007,4
3/18/2007,11
4/18/2008,18
8/8/2007,7
2/2/2007,1
3/27/2007,9
8/8/2008,11
12/5/2006,1
10/26/2007,5
7/14/2006,1
12/1/2007,2
4/6/2007,8
5/23/2007,8
3/17/2008,5
1/13/2008,5
2/24/2008,2
11/25/2006,3
6/4/2007,3
12/22/2007,3
3/20/2008,6
12/28/2008,23
10/5/2007,4
1/22/2007,1
3/11/2007,8
7/8/2007,4
11/6/2007,6
6/16/2007,1
5/21/2008,15
2/9/2007,5
12/2/2007,3
6/25/2008,8
1/10/2007,2
2/25/2007,1
1/16/2008,3
4/16/2007,4
9/14/2007,7
2/28/2008,4
11/26/2007,6
7/2/2007,5
5/21/2007,5
2/13/2007,1
11/12/2007,5
2/28/2007,2
5/13/2007,4
7/28/2006,1
1/28/2007,2
1/15/2007,3
4/19/2008,9
12/15/2007,3
3/2/2008,4
8/12/2008,10
1/25/2008,1
6/6/2007,5
5/31/2007,3
3/21/2008,6
7/24/2007,6
5/3/2007,5
3/2/2007,6
9/10/2007,6
10/21/2007,2
12/15/2006,1
1/15/2008,5
11/20/2007,4
11/13/2006,1
3/6/2008,8
3/22/2007,8
12/22/2006,1
2/26/2007,1
2/19/2007,2
3/10/2007,5
3/1/2007,1
4/6/2008,7
10/27/2007,3
4/15/2008,9
2/14/2008,4
1/3/2007,2
5/10/2008,9
8/9/2008,5
12/3/2007,5
7/30/2007,4
2/20/2007,1
7/22/2007,2
12/2/2006,1
10/1/2007,2
6/19/2007,5
4/14/2008,8
10/25/2007,2
10/23/2007,3
3/17/2007,11
3/31/2008,8
2/22/2008,6
1/30/2008,5
12/18/2007,5
3/15/2008,4
5/24/2007,3
6/27/2007,2
8/17/2008,3
1/25/2007,3
2/1/2008,4
8/11/2008,13
2/2/2008,4
6/26/2007,6
4/25/2007,4
5/18/2007,3
12/24/2008,8
2/17/2008,8
2/7/2007,3
4/5/2008,6
1/20/2008,2
4/20/2007,7
9/13/2007,1
11/19/2007,3
8/23/2008,7
1/14/2008,1
2/21/2007,2
8/26/2007,2
2/22/2007,4
8/22/2007,2
9/19/2007,3
7/7/2008,4
9/4/2007,1
12/7/2007,3
4/18/2007,4
4/22/2007,1
3/8/2007,3
9/29/2007,2
2/26/2008,7
2/1/2007,2
7/20/2008,10
10/8/2007,4
3/19/2008,3
3/19/2007,7
12/23/2007,3
3/7/2008,3
1/16/2007,2
11/20/2006,2
4/3/2007,5
11/30/2007,4
1/19/2007,2
8/20/2007,7
7/17/2007,2
1/11/2007,1
11/21/2006,3
7/1/2007,1
4/15/2007,3
6/22/2008,2
10/18/2007,1
11/28/2006,1
4/2/2007,3
10/12/2007,1
12/21/2006,2
10/18/2006,1
12/11/2006,1
1/24/2008,5
1/19/2008,1
5/10/2007,5
12/6/2006,1
4/12/2008,6
5/1/2007,7
2/23/2007,1
12/9/2007,3
10/24/2006,1
8/29/2007,2
6/8/2007,2
12/20/2007,2
8/30/2006,1
3/3/2007,1
9/21/2007,1
5/15/2007,4
7/7/2007,3
1/6/2007,1
1/18/2007,3
11/25/2007,3
1/26/2007,1
4/29/2007,3
7/26/2006,1
9/8/2007,1
6/12/2007,1
12/29/2007,1
8/12/2007,2
11/10/2007,2
10/27/2006,1
8/5/2007,2
1/10/2008,1
12/4/2007,6
10/31/2006,1
8/28/2007,2
8/10/2007,2
12/30/2006,2
11/17/2007,3
3/5/2007,1
7/11/2007,4
2/11/2007,1
9/25/2006,1
10/22/2007,2
10/2/2007,1
3/4/2007,1
1/31/2008,1
7/29/2007,2
2/10/2008,2
1/2/2008,1
10/25/2006,2
12/14/2007,1
12/31/2007,1
9/30/2007,1
7/21/2006,1
10/29/2007,1
2/16/2007,1
5/27/2007,1
2/8/2007,1
7/14/2007,1
6/13/2007,1
10/17/2007,1
1/29/2007,1
12/29/2006,1
8/25/2007,1
3/3/2008,1
2/15/2007,1
11/15/2006,1
6/7/2007,1
9/22/2006,1
